0,9.98429115672634,7.958780158589285,12.009802154863394,92.1,92.1,92.1
1,8.15836176848892,5.06776741536552,11.24895612161232,75.6,75.6,75.6
2,8.193820057849006,5.090082367515119,11.297557748182893,77.3,77.3,77.3
3,7.596566977282464,3.9721431244947394,11.220990830070189,73.3,73.3,73.3
4,9.930687093364941,6.139957138303036,13.721417048426847,93.5,93.5,93.5
5,8.605122684813114,5.9425353857154075,11.267709983910821,81.6,81.6,81.6
6,7.1750261534212765,4.117907830149012,10.232144476693541,69.1,69.1,69.1
7,8.437338225722556,6.03575078543072,10.838925666014392,81.5,81.5,81.5
8,7.018804697821906,4.894990674363298,9.142618721280515,67.6,67.6,67.6
9,10.2607777129233,4.8323292523068915,15.689226173539708,94.8,94.8,94.8
10,6.903795332396475,4.702258307006742,9.105332357786208,66.2,66.2,66.2
11,8.42813705378012,5.377804386429361,11.478469721130878,80.2,80.2,80.2
12,6.521175993794168,4.641678663285385,8.400673324302952,63.2,63.2,63.2
13,7.961775738460711,4.331053810461373,11.592497666460048,76.2,76.2,76.2
14,9.172367883247716,5.319620724594502,13.02511504190093,86.7,86.7,86.7
15,12.090852034332261,5.999949060007315,18.18175500865721,111.2,111.2,111.2
16,8.378422232547383,5.8431483535890845,10.913696111505681,79.3,79.3,79.3
17,6.687439030304086,3.6663555309536653,9.708522529654505,65.6,65.6,65.6
18,8.835494951736871,4.826121805244409,12.844868098229334,82.1,82.1,82.1
19,8.360135337334578,3.556677007407006,13.163593667262148,78.1,78.1,78.1
20,8.75824793780715,3.5616958929683804,13.95479998264592,80.6,80.6,80.6
21,7.327537182538071,4.3060899855702335,10.348984379505909,69.0,69.0,69.0
22,6.507776890689456,4.3531397089627735,8.662414072416139,63.3,63.3,63.3
23,8.572944469132016,5.308041385495861,11.83784755276817,79.6,79.6,79.6
24,9.073106485790777,5.982192175807484,12.164020795774071,87.1,87.1,87.1
25,7.267861023015439,4.704965628990218,9.83075641704066,70.8,70.8,70.8
26,10.019383439481658,6.101321057313182,13.937445821650133,93.8,93.8,93.8
27,11.093703315452876,4.567468743348413,17.619937887557338,101.9,101.9,101.9
28,7.319532421891926,5.460560097944449,9.178504745839405,70.2,70.2,70.2
29,9.75856827962998,6.756091478910191,12.761045080349769,90.3,90.3,90.3
30,10.853136808214185,6.495748706434638,15.210524909993731,100.9,100.9,100.9
31,8.9867693112888,5.101055922397753,12.872482700179846,84.2,84.2,84.2
32,8.537838112943428,5.2423441364669925,11.833332089419862,80.5,80.5,80.5
33,9.771195317201324,5.865786122188682,13.676604512213965,90.5,90.5,90.5
34,9.198686136196466,4.665696698935656,13.731675573457277,85.8,85.8,85.8
35,12.902882122332832,7.498753802502064,18.3070104421636,115.0,115.0,115.0
36,8.751752793929336,6.337996960021236,11.165508627837436,84.4,84.4,84.4
37,10.946070581547975,6.746493742117975,15.145647420977975,102.4,102.4,102.4
38,12.271041843393323,5.822996275993114,18.719087410793534,111.3,111.3,111.3
39,12.45674002176429,8.657551021521359,16.255929022007223,113.7,113.7,113.7
40,9.820177569139924,5.563459625316316,14.076895512963532,93.0,93.0,93.0
41,9.453280873260258,4.918210967939398,13.988350778581118,89.5,89.5,89.5
42,10.672125697709271,5.920556820842288,15.423694574576254,99.1,99.1,99.1
43,9.437328325810132,7.230864822650748,11.643791828969515,86.7,86.7,86.7
44,11.564016591501513,6.474752718610422,16.653280464392605,105.0,105.0,105.0
45,12.87851254892812,8.80629294049943,16.95073215735681,117.1,117.1,117.1
46,8.802859782789891,6.676975380678472,10.92874418490131,82.6,82.6,82.6
47,10.589045367168046,7.463088280371856,13.715002453964235,97.9,97.9,97.9
48,10.720622931534308,7.004858545129591,14.436387317939026,98.8,98.8,98.8
49,11.544002460087905,6.724890609833426,16.363114310342382,105.6,105.6,105.6
50,10.169220126983124,7.731966671290906,12.606473582675342,94.7,94.7,94.7
51,9.522822584589449,4.798729961944642,14.246915207234256,92.7,92.7,92.7
52,9.037442834163812,6.566305472857817,11.508580195469808,87.4,87.4,87.4
53,10.23046241946895,6.7161187103997975,13.744806128538102,95.9,95.9,95.9
54,7.961257032627327,6.276270291198083,9.646243774056572,77.9,77.9,77.9
55,6.803227019141195,4.548853657738649,9.057600380543741,66.7,66.7,66.7
56,8.945856837515157,5.992811684545613,11.8989019904847,83.9,83.9,83.9
57,9.87462372648297,6.0870157709241335,13.662231682041806,92.3,92.3,92.3
58,10.667256791431782,6.623986937931648,14.710526644931917,98.8,98.8,98.8
59,11.545062272831625,8.50837449316021,14.581750052503041,107.9,107.9,107.9
60,9.202710585357455,6.5291463397206435,11.876274830994266,89.6,89.6,89.6
61,8.621284315719459,5.965925667229927,11.27664296420899,85.8,85.8,85.8
62,7.376516524210456,5.02950385902593,9.723529189394982,72.2,72.2,72.2
63,10.864308540825187,5.133822567571144,16.59479451407923,101.6,101.6,101.6
64,11.128877262840978,6.333458135032088,15.924296390649868,103.9,103.9,103.9
65,11.134232118617728,8.27684406616597,13.991620171069487,104.6,104.6,104.6
66,15.027776569139679,10.458544892255444,19.59700824602391,136.6,136.6,136.6
67,11.823081645801812,9.103530033123123,14.542633258480501,113.0,113.0,113.0
68,14.139581630942121,9.84077196406314,18.438391297821102,131.3,131.3,131.3
69,13.680900489460328,9.509545623756907,17.85225535516375,130.5,130.5,130.5
70,16.58509616086413,12.784577362317137,20.38561495941112,147.9,147.9,147.9
71,13.82616594316013,7.899724012719145,19.752607873601114,127.3,127.3,127.3
72,12.336653303693037,8.119519915789816,16.553786691596258,114.8,114.8,114.8
73,17.294394169976787,11.832183108557153,22.75660523139642,156.9,156.9,156.9
74,17.829397915025673,12.850638125301332,22.808157704750016,161.3,161.3,161.3
75,15.816109993251303,11.974671731916043,19.657548254586562,145.5,145.5,145.5
76,17.535545370657406,8.440918661189158,26.630172080125654,163.2,163.2,163.2
77,17.73561821809202,11.072780698591668,24.398455737592375,163.3,163.3,163.3
78,15.618988745625211,11.380717809302137,19.857259681948285,145.9,145.9,145.9
79,19.615699014817945,14.525122201789312,24.70627582784658,177.3,177.3,177.3
80,17.68749005353942,7.29226016291949,28.08271994415935,163.6,163.6,163.6
81,12.318421728660905,9.00274796696477,15.634095490357039,115.8,115.8,115.8
82,15.571332704558154,11.677263237480886,19.46540217163542,143.3,143.3,143.3
83,16.827394038187617,10.333528244332259,23.321259832042976,155.7,155.7,155.7
84,15.851166762030266,8.893114393467165,22.809219130593366,147.3,147.3,147.3
85,17.728145917622122,13.258937434193628,22.197354401050617,160.1,160.1,160.1
86,17.45121324816197,12.25403523281184,22.648391263512103,165.6,165.6,165.6
87,16.899432553338556,8.570968973388387,25.227896133288723,159.3,159.3,159.3
88,14.7148744266,11.380884735432556,18.048864117767444,141.8,141.8,141.8
89,12.679803207156784,9.023000768857116,16.33660564545645,123.8,123.8,123.8
90,15.224557837741305,12.549068496995663,17.900047178486947,144.0,144.0,144.0
91,15.316017124320206,10.74911132859414,19.882922920046273,141.8,141.8,141.8
92,12.812547187317978,10.0713530930792,15.553741281556757,119.8,119.8,119.8
93,13.575783790818969,10.931969733666525,16.21959784797141,131.7,131.7,131.7
94,14.946228355068182,12.63094376068363,17.261512949452737,143.9,143.9,143.9
95,12.801262671672884,9.619740020189779,15.982785323155989,122.2,122.2,122.2
96,14.303305869935866,12.97039594182214,15.63621579804959,135.8,135.8,135.8
97,14.560965626422055,12.460239600011827,16.661691652832282,141.3,141.3,141.3
98,14.081327232735202,12.203872422618437,15.958782042851967,135.6,135.6,135.6
99,13.971512384508424,11.749378130018494,16.193646638998352,133.2,133.2,133.2
100,13.550217452123935,11.34430649495696,15.756128409290909,134.4,134.4,134.4
101,12.754810120216643,10.887930270476847,14.621689969956439,122.2,122.2,122.2
102,13.093737043093189,10.238806557935513,15.948667528250864,125.8,125.8,125.8
103,12.902599456466305,11.341349271355343,14.463849641577267,128.5,128.5,128.5
104,13.79448408304961,12.090119468844907,15.498848697254314,136.0,136.0,136.0
105,12.329144300831832,10.182087506098386,14.476201095565278,125.1,125.1,125.1
106,12.707676181162242,11.471976751043384,13.9433756112811,125.7,125.7,125.7
107,13.174018026063276,11.583813483422674,14.764222568703879,128.3,128.3,128.3
108,13.464442607041565,12.442750835428374,14.486134378654757,132.1,132.1,132.1
109,12.549806808149151,10.069359602628314,15.030254013669989,124.2,124.2,124.2
110,14.021947259227455,11.937877858370971,16.106016660083938,135.7,135.7,135.7
111,14.955968023978494,12.866668469295602,17.045267578661388,144.2,144.2,144.2
112,14.557278353201946,13.080765129063373,16.03379157734052,140.4,140.4,140.4
113,12.459070754714777,10.890987964161027,14.027153545268526,127.8,127.8,127.8
114,11.968981689583472,10.404211890606069,13.533751488560876,120.0,120.0,120.0
115,11.61825317771254,10.28941041016363,12.947095945261452,119.2,119.2,119.2
116,11.921675759591745,9.643714173347561,14.199637345835928,123.9,123.9,123.9
117,12.441247821816797,10.967859890544652,13.914635753088941,128.2,128.2,128.2
118,11.346252194925546,9.73362193298837,12.958882456862721,117.0,117.0,117.0
119,10.886460272998011,9.218239671363701,12.554680874632322,111.4,111.4,111.4
120,11.512057183432876,10.584835400767712,12.43927896609804,121.1,121.1,121.1
121,10.823458229295307,9.275199334423656,12.371717124166958,112.9,112.9,112.9
122,11.339973059991461,9.705278892706485,12.974667227276438,120.5,120.5,120.5
123,11.3899677782847,10.517372888133895,12.262562668435503,119.3,119.3,119.3
124,11.213912109383433,9.654478217788188,12.773346000978677,119.0,119.0,119.0
125,10.838845011549505,8.73370638529265,12.94398363780636,116.9,116.9,116.9
126,10.19281736395278,8.673677634255084,11.711957093650478,107.9,107.9,107.9
127,10.318842234734621,8.666677720718457,11.971006748750785,112.1,112.1,112.1
128,10.353505467109972,9.1426675060379,11.564343428182044,112.1,112.1,112.1
129,10.76539221139392,9.735184936304535,11.795599486483304,116.4,116.4,116.4
130,10.48287440093045,9.597960017014797,11.367788784846104,116.3,116.3,116.3
131,10.201516510488364,8.94530848958648,11.457724531390248,109.7,109.7,109.7
132,10.598934209256186,9.336122448152365,11.861745970360007,117.7,117.7,117.7
133,10.555509789611824,9.931469398225575,11.179550180998072,118.3,118.3,118.3
134,9.909146177900812,8.799427309508156,11.018865046293469,109.7,109.7,109.7
135,9.941783713419227,8.274991041559714,11.60857638527874,108.9,108.9,108.9
136,10.121580940331977,8.595710538025125,11.64745134263883,106.8,106.8,106.8
137,10.067412246482126,8.949665728689187,11.185158764275066,108.5,108.5,108.5
138,10.323424300865009,9.218400138858375,11.428448462871643,107.9,107.9,107.9
139,9.725959125426016,8.017840121097572,11.43407812975446,100.9,100.9,100.9
140,9.736460607320623,8.195471700325463,11.277449514315784,104.0,104.0,104.0
141,9.948279482364523,8.891839193086438,11.004719771642607,111.0,111.0,111.0
142,9.093513028392044,7.545798575362834,10.641227481421254,95.8,95.8,95.8
143,10.55014356926212,9.591226988984905,11.509060149539335,115.0,115.0,115.0
144,9.919658351578983,9.101281371710813,10.738035331447152,108.2,108.2,108.2
145,9.693978320006863,8.21172538216471,11.176231257849016,108.5,108.5,108.5
146,10.200385412262085,9.427459527672932,10.973311296851238,110.3,110.3,110.3
147,10.57460738315458,9.595115042023638,11.554099724285523,115.0,115.0,115.0
148,10.30825688349637,9.037270751189833,11.579243015802906,113.0,113.0,113.0
149,10.15818637107734,8.976286965083556,11.340085777071124,108.9,108.9,108.9
150,10.052205258016965,9.230074050411819,10.874336465622111,106.5,106.5,106.5
151,9.93235866722389,8.567450216903604,11.297267117544175,108.7,108.7,108.7
152,9.75373590661393,8.458135749363558,11.0493360638643,103.3,103.3,103.3
153,9.871371123976132,8.442735853696933,11.300006394255332,107.3,107.3,107.3
154,10.728310325912025,9.845009944895494,11.611610706928555,111.2,111.2,111.2
155,10.520553097864468,9.100689136305826,11.94041705942311,109.7,109.7,109.7
156,9.444291638734285,8.389820108765912,10.498763168702657,103.7,103.7,103.7
157,10.536993874318432,9.885679165025374,11.188308583611489,113.0,113.0,113.0
158,9.572633631645294,8.442315422361315,10.702951840929273,100.4,100.4,100.4
159,10.069006639787768,8.560281501474892,11.577731778100643,107.5,107.5,107.5
160,9.724780986842234,8.907786732674188,10.54177524101028,105.5,105.5,105.5
161,9.772703981707854,8.800765352677354,10.744642610738355,103.8,103.8,103.8
162,9.673969618004412,8.857849539210463,10.49008969679836,102.0,102.0,102.0
163,10.268071246523869,9.129919166153325,11.406223326894413,107.9,107.9,107.9
164,10.319440148057401,9.27205452701438,11.366825769100423,109.9,109.9,109.9
165,9.976851087644173,8.739782576553417,11.213919598734929,106.3,106.3,106.3
166,9.9882056428366,9.293466163659307,10.682945122013894,107.1,107.1,107.1
167,10.423478020856418,9.207856196153939,11.639099845558897,108.4,108.4,108.4
168,10.183943300796091,9.466168635234338,10.901717966357845,104.2,104.2,104.2
169,9.821343504717879,8.943194830486775,10.699492178948983,101.8,101.8,101.8
170,10.027692498170655,8.872143732808365,11.183241263532945,105.4,105.4,105.4
171,9.802803069970832,9.270712691733056,10.334893448208607,100.6,100.6,100.6
172,9.795792715327115,8.670806866204385,10.920778564449845,100.9,100.9,100.9
173,10.109330386268265,9.180134014360256,11.038526758176275,103.9,103.9,103.9
174,9.838897726083905,9.244729129937896,10.433066322229914,101.1,101.1,101.1
175,9.759314171307778,8.208111587199918,11.31051675541564,99.2,99.2,99.2
176,9.86753238113306,8.80954810976907,10.92551665249705,100.9,100.9,100.9
177,9.985912008343439,8.990438073174682,10.981385943512196,104.1,104.1,104.1
178,10.452061383978435,9.716577942007108,11.187544825949763,108.4,108.4,108.4
179,10.39737889040116,9.541816145718698,11.252941635083623,108.9,108.9,108.9
180,10.568646037204417,9.671928989736813,11.46536308467202,110.3,110.3,110.3
181,10.285482129048614,9.388511409251981,11.182452848845246,108.8,108.8,108.8
182,10.168807598983403,9.451317251971169,10.886297945995636,107.2,107.2,107.2
183,10.69887820303884,9.929237235474394,11.468519170603285,114.2,114.2,114.2
184,10.38807914325007,9.402110904068767,11.374047382431375,111.1,111.1,111.1
185,10.701641798792116,9.925910940862567,11.477372656721665,116.4,116.4,116.4
186,10.996941383365629,10.089414137531381,11.904468629199876,117.7,117.7,117.7
187,10.728118000661913,9.68718322301653,11.769052778307296,112.4,112.4,112.4
188,9.935280900733778,9.20999022412245,10.660571577345106,107.2,107.2,107.2
189,10.900403806427494,9.988299993027994,11.812507619826995,117.9,117.9,117.9
190,10.40907059174424,9.41033180731868,11.407809376169798,108.4,108.4,108.4
191,10.531953583288987,9.684038251451593,11.37986891512638,111.4,111.4,111.4
192,10.841368109055475,10.15215217493461,11.53058404317634,117.0,117.0,117.0
193,10.06163176787959,9.584537140048795,10.538726395710384,107.9,107.9,107.9
194,10.189817129650237,8.99351638192714,11.386117877373334,108.8,108.8,108.8
195,10.492699995773728,9.403390487792201,11.582009503755256,113.2,113.2,113.2
196,11.087523836505715,10.352966729803523,11.822080943207908,123.7,123.7,123.7
197,10.939237599353145,10.199829550749806,11.678645647956484,117.0,117.0,117.0
198,10.570311015869084,9.499704116111964,11.640917915626204,111.8,111.8,111.8
199,10.61023047699805,9.202834035679839,12.01762691831626,115.2,115.2,115.2
200,10.952010041158792,10.197790571974183,11.7062295103434,116.6,116.6,116.6
201,10.524333556758211,9.92265362929565,11.126013484220772,113.0,113.0,113.0
202,10.4055302432178,9.510742172727015,11.300318313708585,107.3,107.3,107.3
203,10.636704953398112,9.850750933136876,11.422658973659349,109.6,109.6,109.6
204,10.504270725889365,9.647597707139283,11.360943744639446,110.2,110.2,110.2
205,10.772453949769533,10.190539949040799,11.354367950498267,111.0,111.0,111.0
206,10.858766397675936,10.06567222885994,11.651860566491932,111.7,111.7,111.7
207,11.202239352431025,10.316597955531783,12.087880749330267,116.3,116.3,116.3
208,11.019548409305571,10.139967700292303,11.89912911831884,113.3,113.3,113.3
209,10.915372608857433,10.117669310513914,11.713075907200952,111.2,111.2,111.2
210,10.495168449421907,9.828163121487655,11.16217377735616,106.1,106.1,106.1
211,11.156330739548867,10.042857491174617,12.269803987923117,111.5,111.5,111.5
212,10.766723174701474,10.100153927573512,11.433292421829435,111.9,111.9,111.9
213,10.932031183529398,10.003395063246852,11.860667303811944,110.5,110.5,110.5
214,11.334941625665852,10.325517441057126,12.344365810274578,114.9,114.9,114.9
215,11.258484719422267,10.445370456030082,12.071598982814452,115.2,115.2,115.2
216,11.126060851143666,10.69202622642063,11.560095475866703,112.4,112.4,112.4
217,11.099338405691379,10.386005794238805,11.812671017143952,113.8,113.8,113.8
218,11.440820039569644,10.852513218909028,12.02912686023026,115.9,115.9,115.9
219,11.630148361068859,10.958777424181257,12.30151929795646,119.6,119.6,119.6
220,11.301542982309183,10.717072690656057,11.886013273962309,114.9,114.9,114.9
221,11.336084137576108,10.607190771146367,12.06497750400585,116.3,116.3,116.3
222,11.357442793794963,10.73989821547338,11.974987372116546,115.3,115.3,115.3
223,11.933471915544851,11.273215354672828,12.593728476416874,122.2,122.2,122.2
224,11.938579827360808,11.286392160699211,12.590767494022405,119.8,119.8,119.8
225,11.56093855755753,10.752742522859215,12.369134592255843,119.7,119.7,119.7
226,12.230541655916022,11.375347837422686,13.08573547440936,123.2,123.2,123.2
227,11.886599460188881,10.8674795941023,12.905719326275463,122.7,122.7,122.7
228,12.467309355401449,11.378673045323678,13.55594566547922,129.3,129.3,129.3
229,11.63006181941364,10.664979433703428,12.595144205123853,121.2,121.2,121.2
230,11.746057208999446,10.679571261948475,12.812543156050417,120.2,120.2,120.2
231,11.9777528528517,11.375129894948115,12.580375810755283,122.2,122.2,122.2
232,11.342910665844101,10.237874301093683,12.44794703059452,114.9,114.9,114.9
233,12.304588504733147,11.183860752303884,13.42531625716241,127.3,127.3,127.3
234,11.842976141312466,10.362825273586314,13.323127009038618,121.6,121.6,121.6
235,12.182603331563588,11.349505072705838,13.015701590421337,124.0,124.0,124.0
236,11.685642995874513,10.867535490615063,12.503750501133963,117.4,117.4,117.4
237,11.805355746314763,10.887449940331154,12.723261552298373,119.5,119.5,119.5
238,11.301192223621182,10.180630848088228,12.421753599154137,114.4,114.4,114.4
239,12.146175769616457,11.365280011450034,12.92707152778288,123.3,123.3,123.3
240,11.476010341605434,10.632171746918132,12.319848936292736,118.3,118.3,118.3
241,11.967691782169277,11.657242970140203,12.278140594198351,120.9,120.9,120.9
242,12.27582082565932,11.112930022112119,13.438711629206521,125.4,125.4,125.4
243,12.410152712939453,11.553490606725916,13.26681481915299,127.9,127.9,127.9
244,12.446354287648138,11.630238978227752,13.262469597068524,126.7,126.7,126.7
245,12.234974370418787,11.714460271279263,12.75548846955831,127.4,127.4,127.4
246,11.969471643664452,10.863685512210639,13.075257775118265,122.8,122.8,122.8
247,12.108750425383914,11.114512681544943,13.102988169222884,126.3,126.3,126.3
248,12.168274239620406,11.324445577842688,13.012102901398123,125.0,125.0,125.0
249,11.85327464499278,10.549506350195697,13.157042939789863,122.6,122.6,122.6
250,12.33398863427542,11.14685432392873,13.521122944622109,129.0,129.0,129.0
251,12.589750389536812,12.122946120757378,13.056554658316246,128.8,128.8,128.8
252,12.008034009027687,11.051386932068958,12.964681085986417,126.7,126.7,126.7
253,12.14402000942664,10.795894949578658,13.492145069274622,125.1,125.1,125.1
254,11.956144193986256,10.294537202845685,13.617751185126828,122.2,122.2,122.2
255,11.272552230698057,10.143379455454983,12.401725005941131,119.2,119.2,119.2
256,11.415862145821302,10.154537917089574,12.677186374553031,113.7,113.7,113.7
257,10.953116370362114,9.142251200585793,12.763981540138435,109.1,109.1,109.1
258,11.459097475494058,10.46292130819001,12.455273642798106,113.4,113.4,113.4
259,12.238391059321293,11.310226261777485,13.1665558568651,121.2,121.2,121.2
260,11.583841925007386,10.928240011444059,12.239443838570713,117.6,117.6,117.6
261,11.909754161511046,11.245981548637848,12.573526774384243,118.2,118.2,118.2
262,11.533361138685724,10.334842087450948,12.7318801899205,116.8,116.8,116.8
263,11.965026039398799,10.968935008025367,12.96111707077223,121.1,121.1,121.1
264,11.932879777293783,10.79806711497719,13.067692439610376,120.5,120.5,120.5
265,11.533380690054036,10.274717686985507,12.792043693122565,117.1,117.1,117.1
266,12.399046000541784,11.245595146630814,13.552496854452754,121.4,121.4,121.4
267,11.451764104219546,10.63162152964099,12.271906678798102,113.8,113.8,113.8
268,12.139186878846521,11.423200585224045,12.855173172468998,124.2,124.2,124.2
269,11.758658228936838,11.282408425302823,12.234908032570853,119.6,119.6,119.6
270,12.615291587619868,11.735232226054336,13.4953509491854,129.4,129.4,129.4
271,12.089465230141695,10.97845988025798,13.20047058002541,123.2,123.2,123.2
272,12.373190404124944,11.660793435630637,13.085587372619251,125.5,125.5,125.5
273,13.008610610267715,12.370046718776955,13.647174501758474,130.4,130.4,130.4
274,12.18212133294728,11.178547741091068,13.185694924803494,125.9,125.9,125.9
275,12.394670830876567,11.21446251095265,13.574879150800484,127.8,127.8,127.8
276,12.873654539274867,12.203536229731352,13.543772848818382,130.3,130.3,130.3
277,11.892002871536533,10.651919548576487,13.13208619449658,121.7,121.7,121.7
278,11.970946735932012,11.094173763742175,12.847719708121849,122.2,122.2,122.2
279,13.475145889477517,12.450387355271387,14.499904423683647,134.4,134.4,134.4
280,13.07297890909922,12.350263058219605,13.795694759978835,129.5,129.5,129.5
281,12.434040292821965,11.252382107880157,13.615698477763774,128.3,128.3,128.3
282,12.83671285670789,11.72501732856998,13.948408384845802,130.7,130.7,130.7
283,12.767891151601725,11.59296257850188,13.942819724701572,129.6,129.6,129.6
284,12.87872766315013,11.74209507419705,14.01536025210321,131.5,131.5,131.5
285,12.86044951427175,11.928119235677062,13.792779792866437,130.4,130.4,130.4
286,12.251123213107348,11.842319623498302,12.659926802716395,124.6,124.6,124.6
287,12.965527723226478,11.85041112183444,14.080644324618515,130.4,130.4,130.4
288,12.558764171102666,11.541999699989676,13.575528642215657,126.4,126.4,126.4
289,12.646242508885916,11.568271915700276,13.724213102071555,129.0,129.0,129.0
290,12.499969965230411,11.345080914347848,13.654859016112974,125.2,125.2,125.2
291,13.35087718788991,12.00874944610771,14.69300492967211,134.5,134.5,134.5
292,13.320480751231662,11.863076873564022,14.7778846288993,134.6,134.6,134.6
293,13.070366447596621,11.841067387817269,14.299665507375973,131.6,131.6,131.6
294,13.058202037484625,12.333412483340162,13.782991591629088,131.0,131.0,131.0
295,13.17059450462475,12.15186671798356,14.18932229126594,132.0,132.0,132.0
296,13.846548390640237,12.762059576232337,14.931037205048137,137.4,137.4,137.4
297,13.678468674945725,12.304760840246,15.052176509645449,136.8,136.8,136.8
298,13.235043248191868,12.297831113193213,14.172255383190523,133.5,133.5,133.5
299,13.256333561963675,11.949182046029007,14.563485077898344,133.1,133.1,133.1
300,13.246442936584936,12.258826583431704,14.234059289738168,131.9,131.9,131.9
301,13.555540696757088,12.160542712526238,14.950538680987938,136.4,136.4,136.4
302,13.133310116174835,11.946192526976388,14.320427705373282,132.8,132.8,132.8
303,12.828354566064263,11.954043613173418,13.702665518955108,130.5,130.5,130.5
304,13.544100627648003,12.420735502850912,14.667465752445095,137.0,137.0,137.0
305,13.054176117575844,12.053768960952453,14.054583274199235,132.3,132.3,132.3
306,13.895039967891353,12.66947955790892,15.120600377873787,138.5,138.5,138.5
307,13.856327224070991,12.806767216750014,14.905887231391969,140.3,140.3,140.3
308,12.524667248347987,11.387188311842456,13.662146184853517,127.8,127.8,127.8
309,13.421561320898764,12.283384874645277,14.559737767152251,134.0,134.0,134.0
310,13.518409864629911,12.521921530984663,14.514898198275159,133.6,133.6,133.6
311,13.742129900274813,12.937212641511222,14.547047159038405,136.5,136.5,136.5
312,13.572606285251094,12.451632463832931,14.693580106669257,134.3,134.3,134.3
313,13.831108525608943,12.736886104063792,14.925330947154094,137.3,137.3,137.3
314,13.944076711271919,12.933143582609805,14.955009839934032,136.9,136.9,136.9
315,13.526173160845065,12.220880593427172,14.831465728262959,134.3,134.3,134.3
316,13.170401902656158,12.146875772527423,14.193928032784893,130.5,130.5,130.5
317,13.22913637878155,12.366714932019597,14.091557825543504,129.7,129.7,129.7
318,13.563559636435821,12.287346975797966,14.839772297073676,135.3,135.3,135.3
319,13.668143709825381,12.940525080111748,14.395762339539015,133.9,133.9,133.9
320,14.535038229888595,13.752724541482198,15.317351918294992,142.3,142.3,142.3
321,14.290736476098209,13.197914968941232,15.383557983255185,143.0,143.0,143.0
322,13.69136849573988,12.50744858689163,14.87528840458813,133.8,133.8,133.8
323,13.957369973821915,12.664269531085832,15.250470416557999,137.3,137.3,137.3
324,13.66263083842714,12.624153235112088,14.701108441742191,134.6,134.6,134.6
325,13.820837329810455,12.383906816978783,15.257767842642128,136.5,136.5,136.5
326,13.915702126431825,12.99810107928637,14.83330317357728,134.5,134.5,134.5
327,14.780736973892635,12.96605623261668,16.59541771516859,145.2,145.2,145.2
328,13.636768401967128,12.577442706586979,14.696094097347277,132.2,132.2,132.2
329,14.550194669260236,13.398411139397147,15.701978199123324,142.2,142.2,142.2
330,14.220878229088703,13.132926664255953,15.308829793921452,139.1,139.1,139.1
331,14.299656060837151,12.895608603728746,15.703703517945556,138.2,138.2,138.2
332,14.505873524255003,13.230418831598717,15.78132821691129,141.3,141.3,141.3
333,14.013124767162662,13.001736393882535,15.024513140442789,135.6,135.6,135.6
334,15.271415910280485,14.10801715938479,16.43481466117618,148.4,148.4,148.4
335,15.30356270905977,14.136182346690962,16.47094307142858,147.3,147.3,147.3
336,15.439857441409368,14.369107535438395,16.51060734738034,148.9,148.9,148.9
337,15.25614415371383,13.91454619698551,16.597742110442148,146.8,146.8,146.8
338,14.842002469072213,13.033250604605241,16.650754333539183,142.4,142.4,142.4
339,14.435186316825275,12.85160487918488,16.01876775446567,138.5,138.5,138.5
340,15.074370657260008,13.54489541518721,16.603845899332807,144.9,144.9,144.9
341,15.216057780564006,13.683403126977492,16.74871243415052,147.4,147.4,147.4
342,14.889280787650478,13.537867312451931,16.240694262849022,141.8,141.8,141.8
343,15.279376680137648,13.766213624915531,16.792539735359764,147.7,147.7,147.7
344,16.383190478033065,14.9677318629867,17.79864909307943,155.5,155.5,155.5
345,15.001057846295122,13.338057897650073,16.66405779494017,144.8,144.8,144.8
346,16.665455977218517,15.37003683158464,17.960875122852393,158.3,158.3,158.3
347,15.309815427978174,14.380696129521532,16.238934726434817,145.8,145.8,145.8
348,15.246448239039154,14.115376456592614,16.377520021485694,145.0,145.0,145.0
349,15.698458897271848,14.337657411990708,17.05926038255299,148.2,148.2,148.2
350,15.637072823235576,13.708192109114552,17.5659535373566,148.7,148.7,148.7
351,15.951419553764207,14.326556673117329,17.576282434411084,150.4,150.4,150.4
352,15.598527417793411,14.076568539399586,17.120486296187238,148.3,148.3,148.3
353,15.597704201425222,13.84124357717522,17.354164825675223,147.4,147.4,147.4
354,16.239556344624724,14.546269128432154,17.932843560817293,153.1,153.1,153.1
355,16.361389240681454,14.599543879426353,18.123234601936556,154.9,154.9,154.9
356,16.58081396068228,15.046186661006573,18.11544126035799,156.3,156.3,156.3
357,15.1550567846818,13.267130118313428,17.042983451050173,143.7,143.7,143.7
358,15.685758172443093,13.730776667543736,17.64073967734245,148.8,148.8,148.8
359,16.026787254388182,14.003483017191776,18.05009149158459,152.7,152.7,152.7
360,15.805776121176313,14.433187285861917,17.178364956490707,150.6,150.6,150.6
361,16.219166573181337,14.866776340092045,17.571556806270628,153.5,153.5,153.5
362,17.194025634486753,14.983832578221485,19.40421869075202,161.4,161.4,161.4
363,17.017957904455397,14.723193624983997,19.312722183926795,159.9,159.9,159.9
364,16.24838064769283,14.557846436485846,17.938914858899814,152.3,152.3,152.3
365,15.622587452646531,13.549741724548312,17.69543318074475,149.0,149.0,149.0
366,15.841304557396507,13.902352951469483,17.780256163323532,149.1,149.1,149.1
367,16.630444509786322,14.762200519201576,18.49868850037107,157.3,157.3,157.3
368,17.041600219373187,15.003055632359715,19.08014480638666,158.3,158.3,158.3
369,17.849999357665364,16.76005946027563,18.939939255055098,166.9,166.9,166.9
370,18.955894305467517,17.029707636053132,20.8820809748819,176.2,176.2,176.2
371,17.129982575576285,14.435841579501215,19.824123571651356,160.4,160.4,160.4
372,18.26106965178178,16.0632486759061,20.458890627657464,169.7,169.7,169.7
373,16.88820972231297,15.073638115502671,18.702781329123265,158.2,158.2,158.2
374,16.422941674286267,14.427811772102437,18.418071576470098,153.5,153.5,153.5
375,17.620081932416632,15.736514972367575,19.50364889246569,162.8,162.8,162.8
376,18.16483350126441,16.649790019046993,19.67987698348183,166.8,166.8,166.8
377,19.133948315933957,17.222700877665154,21.04519575420276,175.7,175.7,175.7
378,18.001129578863264,16.21928592932828,19.782973228398248,164.0,164.0,164.0
379,17.54560976580965,15.174090903856762,19.91712862776254,161.2,161.2,161.2
380,16.0569167855836,13.4450668863099,18.6687666848573,148.8,148.8,148.8
381,18.616019572781077,17.099552017848158,20.132487127713997,168.8,168.8,168.8
382,17.768867727927137,16.009344086691094,19.52839136916318,161.2,161.2,161.2
383,17.11502872046476,15.324111662610996,18.905945778318525,156.2,156.2,156.2
384,18.63912213429719,16.76144589034679,20.51679837824759,168.7,168.7,168.7
385,18.70929593757028,16.95501428267273,20.463577592467825,169.6,169.6,169.6
386,18.677274328928615,16.491007857284302,20.863540800572927,169.7,169.7,169.7
387,17.931308279780204,16.13501311639501,19.727603443165396,163.2,163.2,163.2
388,20.299711213966702,18.499424885528896,22.09999754240451,182.2,182.2,182.2
389,18.946655923365824,17.3524399108899,20.54087193584175,169.7,169.7,169.7
390,18.735818810310413,16.12798857113791,21.343649049482917,169.4,169.4,169.4
391,18.655578251395855,16.131948164441535,21.179208338350175,168.9,168.9,168.9
392,17.942218767542908,15.60111342839405,20.283324106691765,165.0,165.0,165.0
393,17.882267749097444,15.402206625210729,20.362328872984158,162.9,162.9,162.9
394,19.069764767024754,16.198979884810026,21.940549649239482,174.0,174.0,174.0
395,19.539823006673032,17.412871085755626,21.66677492759044,175.7,175.7,175.7
396,19.24761864473112,17.03313957717957,21.46209771228267,172.9,172.9,172.9
397,19.98049289115297,17.67499758452472,22.28598819778122,179.6,179.6,179.6
398,19.97433141143274,18.468136838369045,21.480525984496435,179.9,179.9,179.9
399,19.530442421539874,17.347804875990974,21.713079967088774,176.0,176.0,176.0
400,20.157121736168286,18.01195070433814,22.30229276799843,182.7,182.7,182.7
401,21.181346694386683,18.86870738921733,23.493985999556035,189.9,189.9,189.9
402,18.75453565109037,15.95465375042207,21.554417551758675,171.3,171.3,171.3
403,21.51779636717606,19.485924062875036,23.549668671477086,192.6,192.6,192.6
404,20.29226264735171,18.39174473628121,22.192780558422207,183.2,183.2,183.2
405,20.321917257593668,17.423492765646422,23.220341749540914,183.4,183.4,183.4
406,21.311112494904204,18.698089242220487,23.924135747587922,190.2,190.2,190.2
407,20.4632634874215,17.21459665750278,23.71193031734022,185.5,185.5,185.5
408,22.54108791846611,20.109612865027557,24.972562971904665,200.7,200.7,200.7
409,21.03021943869062,18.174639312903878,23.88579956447736,189.2,189.2,189.2
410,21.14945681728641,17.764595240261933,24.534318394310887,192.0,192.0,192.0
411,20.773465438210177,18.091441060205742,23.455489816214612,188.6,188.6,188.6
412,21.771917906090312,19.718276076359942,23.825559735820683,195.8,195.8,195.8
413,21.718741147930178,18.270451838130537,25.16703045772982,195.7,195.7,195.7
414,21.7053619322337,19.50278679527956,23.907937069187838,196.6,196.6,196.6
415,23.46824144399468,20.666871811012413,26.269611076976943,209.3,209.3,209.3
416,23.060680656411478,19.905263100797413,26.216098212025543,206.5,206.5,206.5
417,22.089765863308365,19.052121963410343,25.127409763206387,200.2,200.2,200.2
418,24.146344133795104,20.776490049540584,27.516198218049624,215.4,215.4,215.4
419,23.95260728459207,21.32211576717225,26.58309880201189,215.1,215.1,215.1
420,24.100562679049425,20.590285956563793,27.610839401535056,215.5,215.5,215.5
421,24.549170822328836,20.635071947182606,28.463269697475067,220.3,220.3,220.3
422,24.42555102496135,21.808547806671054,27.042554243251647,217.8,217.8,217.8
423,26.30130806577886,24.478301088981773,28.124315042575944,231.3,231.3,231.3
424,23.302438009662634,21.409850303616242,25.195025715709026,208.2,208.2,208.2
425,25.351625286026273,22.288852673397177,28.41439789865537,227.4,227.4,227.4
426,23.310074299986535,21.25735046913646,25.362798130836612,210.4,210.4,210.4
427,22.601672874548193,19.312815517327568,25.890530231768818,206.3,206.3,206.3
428,23.768064910300247,20.672148213826862,26.86398160677363,215.5,215.5,215.5
429,26.37023545713446,22.416695665335578,30.32377524893334,236.1,236.1,236.1
430,26.21321749858771,21.79134327197914,30.63509172519628,234.5,234.5,234.5
431,27.473785359853355,24.21677355917384,30.73079716053287,246.1,246.1,246.1
432,28.78814487563708,25.058608209924763,32.5176815413494,253.6,253.6,253.6
433,26.64409475720232,22.854787108972754,30.433402405431888,239.2,239.2,239.2
434,26.388535835580843,21.61473141799218,31.162340253169507,239.2,239.2,239.2
435,26.861165000938286,22.732111968191983,30.990218033684588,241.5,241.5,241.5
436,30.107367101758975,26.733147652951896,33.48158655056605,266.1,266.1,266.1
437,28.43333037439711,25.62527635803113,31.241384390763088,253.7,253.7,253.7
438,27.512714769289595,22.09955828100615,32.925871257573036,248.9,248.9,248.9
439,29.400182981075705,25.16131608794705,33.63904987420436,263.6,263.6,263.6
440,32.05669244250296,28.808896661162755,35.30448822384316,282.9,282.9,282.9
441,29.269515796923663,24.078104844027642,34.460926749819684,262.9,262.9,262.9
442,31.548060034201256,26.85485545417076,36.24126461423175,283.4,283.4,283.4
443,33.488434598143115,28.963092790050002,38.01377640623623,297.8,297.8,297.8
444,29.882792471253083,24.283810800690027,35.48177414181614,270.7,270.7,270.7
445,35.79860293166071,27.48146999959483,44.11573586372659,318.7,318.7,318.7
446,35.764681485011934,30.234132571061004,41.295230398962865,317.8,317.8,317.8
447,34.114357653910155,27.000163674364025,41.228551633456284,306.2,306.2,306.2
448,32.134203322713574,24.344808050400147,39.923598595027,289.6,289.6,289.6
449,32.70474854148205,25.673675740575096,39.735821342389,297.6,297.6,297.6
450,36.13027983407255,29.081778077171368,43.17878159097374,326.0,326.0,326.0
451,39.43887372508078,31.03275583439727,47.84499161576429,349.6,349.6,349.6
452,42.964787306616316,36.25922529109513,49.670349322137504,377.0,377.0,377.0
453,47.848459931734325,39.55011673538705,56.1468031280816,422.1,422.1,422.1
454,40.248431332460925,31.040504668866102,49.45635799605574,361.6,361.6,361.6
455,44.57095489604636,31.976704598843437,57.16520519324928,398.2,398.2,398.2
456,49.359393423365155,33.934646798042834,64.78414004868748,437.2,437.2,437.2
457,54.754717454991784,48.06929704888582,61.440137861097746,481.8,481.8,481.8
458,46.21025201708687,33.265976209526514,59.15452782464723,408.0,408.0,408.0
459,47.91295730629334,37.6501212093546,58.175793403232085,422.9,422.9,422.9
460,55.10984072508055,41.07566260544693,69.14401884471417,480.3,480.3,480.3
461,51.03008126495793,43.50313596745144,58.557026562464415,448.3,448.3,448.3
462,70.63176806625906,40.57607210627665,100.68746402624146,602.0,602.0,602.0
463,54.35972157167568,39.750757203461575,68.96868593988978,473.5,473.5,473.5
464,58.018664590922754,38.49608659612562,77.54124258571989,507.0,507.0,507.0
465,57.31441809205835,41.38505965493423,73.24377652918247,501.1,501.1,501.1
466,58.640247065736254,41.903004761430886,75.37748937004162,509.8,509.8,509.8
467,54.528050117245016,32.73811764565874,76.31798258883128,476.5,476.5,476.5
468,62.67280850395143,36.6595601795205,88.68605682838236,545.0,545.0,545.0
469,54.02128342254548,38.763538824948775,69.27902802014219,475.8,475.8,475.8
470,38.69156561932614,28.246325197320132,49.13680604133215,355.0,355.0,355.0
471,38.872705346111786,27.711610064071774,50.033800628151795,348.4,348.4,348.4
472,44.67439352892839,36.31974804291621,53.02903901494057,396.3,396.3,396.3
473,45.68154712401419,35.151126260965086,56.21196798706329,399.5,399.5,399.5
474,41.74670389398366,31.643771152416516,51.849636635550794,371.7,371.7,371.7
475,40.18078935055964,29.692240646037973,50.66933805508131,358.8,358.8,358.8
476,40.33279502337339,29.56820971915532,51.097380327591466,351.2,351.2,351.2
477,35.99395944482827,26.840656237406243,45.1472626522503,322.8,322.8,322.8
478,36.6030854341735,29.277409502840065,43.928761365506936,325.1,325.1,325.1
479,40.148938964368014,33.65913272412783,46.6387452046082,353.2,353.2,353.2
480,34.00704861433372,25.490901657821226,42.52319557084621,300.8,300.8,300.8
481,41.226004989252566,32.397638342258034,50.0543716362471,360.2,360.2,360.2
482,38.36735048518867,31.1821165310391,45.55258443933825,337.2,337.2,337.2
483,35.50867988479376,25.98169366304329,45.03566610654423,312.2,312.2,312.2
484,32.54979641988491,23.211812387571847,41.88778045219798,291.5,291.5,291.5
485,36.535857211421785,28.282437579000643,44.78927684384293,321.8,321.8,321.8
486,34.46200900052747,24.586180562859166,44.33783743819578,303.1,303.1,303.1
487,37.33567607899713,26.910122055476165,47.7612301025181,325.8,325.8,325.8
488,32.7791264557276,23.123844044077707,42.43440886737749,289.3,289.3,289.3
489,32.83217064564944,25.52352942834836,40.14081186295052,294.0,294.0,294.0
490,37.22231652108887,29.12671289458784,45.3179201475899,324.7,324.7,324.7
491,32.77319199487018,24.618759758762724,40.92762423097764,291.2,291.2,291.2
492,35.472510535079266,28.183918629560303,42.76110244059823,312.8,312.8,312.8
493,35.94441921363815,29.8056555849744,42.0831828423019,315.6,315.6,315.6
494,36.0719136441637,26.6031481844132,45.5406791039142,316.3,316.3,316.3
495,31.935590805372613,24.570492554780444,39.30068905596478,284.5,284.5,284.5
496,32.65114607701122,23.922818358181644,41.379473795840795,290.5,290.5,290.5
497,32.10037479702555,24.45493900430401,39.745810589747094,286.6,286.6,286.6
498,32.97513427130593,24.51402341977152,41.43624512284035,290.5,290.5,290.5
499,33.083229814196066,23.78590188760139,42.38055774079074,292.6,292.6,292.6
500,28.800168227554543,21.54909828636178,36.051238168747304,260.7,260.7,260.7
501,32.464119737926445,26.00359396421304,38.92464551163985,289.6,289.6,289.6
502,29.646958394508488,22.755915063745352,36.53800172527163,266.8,266.8,266.8
503,32.63317588192018,25.43686446376888,39.82948730007148,288.6,288.6,288.6
504,33.00573593591641,25.483668347072186,40.52780352476064,290.9,290.9,290.9
505,30.4635116459237,21.78149079273952,39.14553249910788,271.2,271.2,271.2
506,31.602084641892652,24.252391763846767,38.95177751993854,281.4,281.4,281.4
507,29.8032573963058,21.497205153215624,38.109309639395974,268.4,268.4,268.4
508,32.07393161257041,24.866650898245815,39.28121232689501,284.1,284.1,284.1
509,33.48663715871101,27.045819345104753,39.92745497231727,295.2,295.2,295.2
510,29.739356440077575,21.920471122582533,37.55824175757262,265.0,265.0,265.0
511,27.165683215240136,21.013114820170713,33.31825161030956,244.1,244.1,244.1
512,30.218651412413976,23.876738812829924,36.560564011998025,271.5,271.5,271.5
513,33.49177606433397,27.891273395282976,39.09227873338496,295.4,295.4,295.4
514,27.630759884831786,22.4244840348712,32.83703573479237,250.5,250.5,250.5
515,28.721344674774834,22.689195789427917,34.75349356012175,257.2,257.2,257.2
516,27.19892568413052,20.24271003290111,34.15514133535993,245.3,245.3,245.3
517,30.38395874723285,21.17252888727394,39.59538860719176,271.2,271.2,271.2
518,26.938218538027833,21.11557315602807,32.760863920027596,244.6,244.6,244.6
519,29.958223675498594,23.502599330416007,36.413848020581185,269.1,269.1,269.1
520,31.619194700832235,24.498792672762946,38.739596728901525,279.6,279.6,279.6
521,30.510061988868976,24.679195012443408,36.340928965294545,272.0,272.0,272.0
522,31.07171863613123,24.831901598595824,37.31153567366664,274.5,274.5,274.5
523,34.69589790360935,27.91056069124015,41.48123511597855,304.2,304.2,304.2
524,29.936495161602153,24.30644168267324,35.56654864053107,267.3,267.3,267.3
525,31.25473618723002,24.394873707647548,38.11459866681249,277.6,277.6,277.6
526,32.47277214699559,27.003499449341177,37.94204484465,288.4,288.4,288.4
527,28.85257793240469,23.569917293717424,34.13523857109195,260.6,260.6,260.6
528,30.02429590415296,23.937334135366907,36.11125767293901,268.9,268.9,268.9
529,29.194439817640728,24.541555488332218,33.84732414694924,261.2,261.2,261.2
530,29.587743608721013,23.43328507447737,35.74220214296466,264.9,264.9,264.9
531,30.877404891969537,26.949681686661005,34.805128097278065,275.8,275.8,275.8
532,31.177756638718684,26.56895440446454,35.786558872972826,276.8,276.8,276.8
533,28.902642146616426,22.427737481517344,35.377546811715504,260.0,260.0,260.0
534,33.980796652196275,25.595767937720826,42.36582536667173,299.2,299.2,299.2
535,29.58875177475526,23.148554567276367,36.028948982234155,264.6,264.6,264.6
536,32.5640665769355,27.35620038380843,37.77193277006257,287.2,287.2,287.2
537,28.396447841548742,23.637573052510323,33.155322630587165,254.5,254.5,254.5
538,30.5413960924649,22.198960688618808,38.88383149631099,276.0,276.0,276.0
539,28.736022931714707,24.088430359570168,33.38361550385925,259.5,259.5,259.5
540,29.339125452757266,21.200086479991285,37.47816442552325,263.7,263.7,263.7
541,28.727776655393757,22.78315046059982,34.672402850187694,257.8,257.8,257.8
542,30.629114524339606,23.100916896179744,38.15731215249947,273.8,273.8,273.8
543,29.33688234346112,25.437080288716675,33.23668439820557,264.2,264.2,264.2
544,28.753853088069018,21.7702748957037,35.737431280434336,257.8,257.8,257.8
545,28.08388233157482,23.61009200520037,32.55767265794927,251.2,251.2,251.2
546,29.004566441733754,22.649018459885507,35.360114423582004,259.7,259.7,259.7
547,27.29342501968849,22.977726820570837,31.609123218806147,244.8,244.8,244.8
548,29.605742199183716,22.501706059564796,36.709778338802636,262.3,262.3,262.3
549,26.74449984117149,20.90183321040441,32.587166471938566,245.5,245.5,245.5
550,26.33722201986931,22.328415206981816,30.3460288327568,242.9,242.9,242.9
551,27.92457927643227,22.83658127381664,33.012577279047896,250.2,250.2,250.2
552,23.574138659540893,20.116496794652928,27.031780524428857,217.9,217.9,217.9
553,25.055572452179195,20.680033868187046,29.431111036171345,226.8,226.8,226.8
554,28.172964661764173,23.673565916573832,32.67236340695451,249.3,249.3,249.3
555,27.276357890757346,22.79857143671328,31.75414434480141,244.3,244.3,244.3
556,25.80273432172953,20.559081149908472,31.04638749355059,235.0,235.0,235.0
557,27.385537685796066,23.385978653958517,31.385096717633616,242.2,242.2,242.2
558,25.31987508152194,20.648053920665983,29.991696242377895,232.5,232.5,232.5
559,24.52052011593691,20.26326008008976,28.77778015178406,219.2,219.2,219.2
560,26.104847061270743,20.737978334512952,31.471715788028533,230.5,230.5,230.5
561,25.54256927754493,21.78514369957222,29.299994855517642,234.6,234.6,234.6
562,26.225440872045148,22.75285983963545,29.698021904454848,236.3,236.3,236.3
563,25.81808859016899,21.78843782501374,29.84773935532424,231.8,231.8,231.8
564,26.225975205841383,22.27691718260651,30.175033229076256,235.0,235.0,235.0
565,23.180818595026086,19.52354626013607,26.838090929916103,213.2,213.2,213.2
566,24.428842584846233,21.180160251174907,27.67752491851756,218.2,218.2,218.2
567,24.623464752751506,21.484553992259286,27.762375513243725,220.0,220.0,220.0
568,23.705403357877934,19.41364045395295,27.997166261802917,218.0,218.0,218.0
569,26.866276133927965,24.259438817295862,29.473113450560067,236.3,236.3,236.3
570,27.48286268551533,24.5260633640876,30.439662006943056,242.9,242.9,242.9
571,27.590184523916577,23.868134439589273,31.31223460824388,249.4,249.4,249.4
572,25.649382211140882,21.7610023427656,29.537762079516163,231.2,231.2,231.2
573,25.803300230225467,21.202968611052903,30.40363184939803,231.2,231.2,231.2
574,25.93284638399475,21.796117379784658,30.069575388204843,233.3,233.3,233.3
575,25.473189022688167,21.97699236387003,28.969385681506306,229.6,229.6,229.6
576,24.912332580516523,20.48989989117682,29.334765269856227,224.1,224.1,224.1
577,25.2321348849488,19.868771089226733,30.595498680670865,226.1,226.1,226.1
578,25.664250345265863,21.620454352610505,29.70804633792122,232.3,232.3,232.3
579,25.458130980706937,21.54807193230426,29.368190029109613,230.2,230.2,230.2
580,25.842277931249463,22.993702112239593,28.690853750259333,230.4,230.4,230.4
581,25.440599264277807,21.16206127916532,29.719137249390293,236.1,236.1,236.1
582,26.856167987337084,22.711576098057357,31.00075987661681,243.5,243.5,243.5
583,28.632214391611274,22.71529775975011,34.54913102347244,250.4,250.4,250.4
584,26.74267150341791,22.85729414381285,30.62804886302297,235.7,235.7,235.7
585,26.57600224630239,22.01301381037391,31.138990682230872,239.9,239.9,239.9
586,26.399740172773544,20.07668499301081,32.722795352536274,235.6,235.6,235.6
587,24.423924450460618,20.494594015797933,28.353254885123302,220.6,220.6,220.6
588,27.196482427868354,23.65303810073312,30.739926755003587,243.9,243.9,243.9
589,25.31822275372348,20.3466368511843,30.289808656262657,230.2,230.2,230.2
590,23.543140274386225,19.4113076740164,27.67497287475605,218.8,218.8,218.8
591,25.453181615095808,21.055855608577687,29.85050762161393,232.9,232.9,232.9
592,26.223270470929332,23.619028353477283,28.82751258838138,233.2,233.2,233.2
593,24.619588053388178,20.51121696206165,28.727959144714706,221.1,221.1,221.1
594,24.94136306891578,19.848992940851428,30.033733196980133,225.4,225.4,225.4
595,25.204903547049163,19.021136942633774,31.388670151464552,227.3,227.3,227.3
596,24.525892188098442,19.299481084327667,29.752303291869218,223.4,223.4,223.4
597,24.91210286781984,20.25597439795554,29.56823133768414,223.9,223.9,223.9
598,24.08293741061116,19.18476968572297,28.981105135499348,219.8,219.8,219.8
599,24.680050346674467,20.920608593346028,28.439492100002905,223.7,223.7,223.7
600,23.255939413307352,19.316738318065397,27.195140508549308,216.3,216.3,216.3
601,23.838663309462913,17.922193947350607,29.75513267157522,215.1,215.1,215.1
602,23.55120979883139,18.15929410878982,28.943125488872962,215.1,215.1,215.1
603,21.564322004903932,17.957881513306827,25.170762496501037,197.0,197.0,197.0
604,25.25018570224546,21.754268092096087,28.746103312394833,223.6,223.6,223.6
605,27.45422413540113,22.08002691455272,32.828421356249535,239.8,239.8,239.8
606,25.70122270265072,21.494580278520655,29.907865126780788,233.7,233.7,233.7
607,24.13597139618655,20.037158536510887,28.234784255862216,217.9,217.9,217.9
608,25.098813508409556,19.74288702922003,30.454739987599083,225.4,225.4,225.4
609,26.162400199382034,21.15754649658007,31.167253902183997,231.6,231.6,231.6
610,24.368888068500677,20.66590647715738,28.071869659843973,218.9,218.9,218.9
611,21.13182360683222,16.23513270179516,26.028514511869282,186.7,186.7,186.7
612,22.402372397738294,18.608184914328767,26.19655988114782,206.9,206.9,206.9
613,20.963622216131306,16.92534583342914,25.00189859883347,193.1,193.1,193.1
614,22.567996343363983,18.394764698824293,26.741227987903674,203.2,203.2,203.2
615,24.433916041557065,20.20177859211874,28.66605349099539,221.3,221.3,221.3
616,24.025983911882395,19.13397061305773,28.91799721070706,217.5,217.5,217.5
617,22.22633229363064,16.707856914809902,27.74480767245138,202.4,202.4,202.4
618,22.751876677785965,17.382855196166997,28.120898159404934,205.7,205.7,205.7
619,22.661369420904965,18.078875460786062,27.243863381023868,205.7,205.7,205.7
620,23.954141268345325,18.953076390434592,28.955206146256057,212.6,212.6,212.6
621,21.635810946972345,17.167105292288117,26.104516601656574,199.7,199.7,199.7
622,22.39634493918943,18.152306977360666,26.640382901018192,204.4,204.4,204.4
623,23.170958956070535,20.105613400000102,26.23630451214097,212.0,212.0,212.0
624,24.156288945334154,20.06987266338116,28.242705227287146,212.4,212.4,212.4
625,22.043910760056484,19.46611815073101,24.621703369381958,204.7,204.7,204.7
626,24.28114950571494,18.693520880611178,29.8687781308187,219.2,219.2,219.2
627,23.08888233474958,19.28187565377851,26.895889015720652,210.0,210.0,210.0
628,21.072491991782773,16.554494615141408,25.590489368424137,197.4,197.4,197.4
629,23.028630511804533,17.78294405983225,28.274316963776815,208.6,208.6,208.6
630,22.401487428325595,18.358203644286853,26.444771212364337,205.3,205.3,205.3
631,21.001527074027763,15.485909531151497,26.517144616904027,195.8,195.8,195.8
632,20.526690990636297,15.764292350791017,25.289089630481577,190.8,190.8,190.8
633,22.86516973021628,18.858929114899766,26.871410345532794,208.3,208.3,208.3
634,22.328241420967032,18.28670435953444,26.369778482399624,199.2,199.2,199.2
635,20.8850447726114,15.879572619863946,25.890516925358856,187.7,187.7,187.7
636,23.688350461855535,18.911215372082587,28.465485551628483,213.5,213.5,213.5
637,22.60272748674447,17.383056565110035,27.822398408378906,201.0,201.0,201.0
638,20.705307411391328,17.036622927260453,24.373991895522202,184.4,184.4,184.4
639,20.782305963538807,13.47656771885875,28.088044208218864,188.8,188.8,188.8
640,20.367671981156764,16.01087064787935,24.724473314434178,185.6,185.6,185.6
641,20.95683121425578,16.377775456203345,25.535886972308212,189.8,189.8,189.8
642,23.31652006533394,18.465722243988164,28.167317886679715,205.1,205.1,205.1
643,21.679963781175502,16.216024231173243,27.14390333117776,192.9,192.9,192.9
644,20.98695556140301,18.0351275172487,23.938783605557322,187.7,187.7,187.7
645,25.6987279660947,20.525539691336554,30.871916240852848,224.6,224.6,224.6
646,18.15305953090992,14.8196035993352,21.486515462484643,169.0,169.0,169.0
647,20.07594431120349,16.697047459987022,23.454841162419957,179.4,179.4,179.4
648,20.761820343858112,15.85488473810514,25.668755949611082,186.8,186.8,186.8
649,21.180731459280103,17.13895333735567,25.222509581204537,189.9,189.9,189.9
650,19.02345065510999,15.46436585759712,22.58253545262286,169.6,169.6,169.6
651,21.836404986991102,16.95293277714528,26.719877196836926,191.4,191.4,191.4
652,22.71834518409137,19.134673477779163,26.302016890403575,200.2,200.2,200.2
653,19.59212450267596,16.29055156433965,22.89369744101227,178.4,178.4,178.4
654,21.33228290816396,15.960309746488306,26.704256069839616,190.4,190.4,190.4
655,21.06266089282367,16.521504630048312,25.603817155599025,186.2,186.2,186.2
656,23.77445613081385,21.258934670386857,26.28997759124084,206.1,206.1,206.1
657,21.7269937307733,18.239840380619196,25.214147080927408,193.2,193.2,193.2
658,21.84414865638946,17.13356651613163,26.55473079664729,194.0,194.0,194.0
659,22.1819688065518,18.937412451928562,25.42652516117504,193.9,193.9,193.9
660,19.35474706513428,14.818400083262286,23.891094047006273,175.3,175.3,175.3
661,21.056571327245184,15.98463690014281,26.128505754347557,187.5,187.5,187.5
662,22.042880088106745,19.86710532652678,24.21865484968671,198.0,198.0,198.0
663,22.742114527575175,17.702185223390725,27.782043831759626,200.9,200.9,200.9
664,19.971976964555143,17.257976140635453,22.685977788474833,176.5,176.5,176.5
665,20.42676856888391,17.06697947924999,23.786557658517832,178.7,178.7,178.7
666,19.17669335130713,15.787063576461982,22.566323126152277,170.1,170.1,170.1
667,19.61044002614908,15.459243744139545,23.761636308158618,175.3,175.3,175.3
668,21.46404110182841,17.488173448293722,25.4399087553631,190.0,190.0,190.0
669,18.8176880934152,16.464148428646503,21.171227758183896,166.4,166.4,166.4
670,19.784204840986057,16.25870713228656,23.309702549685554,175.4,175.4,175.4
671,21.014151253927615,15.69544783508104,26.33285467277419,185.0,185.0,185.0
672,20.47952549448455,16.7583781763299,24.200672812639205,177.9,177.9,177.9
673,18.645255770237053,15.395288636694309,21.895222903779796,165.7,165.7,165.7
674,20.249324345601053,17.185961223965897,23.31268746723621,178.1,178.1,178.1
675,20.236154883985296,16.63209923519316,23.840210532777434,176.0,176.0,176.0
676,18.942246831513604,15.236659477471024,22.64783418555618,167.0,167.0,167.0
677,18.98082970911412,15.542522616825382,22.419136801402857,170.1,170.1,170.1
678,20.496684048481804,17.222117199194184,23.771250897769423,180.5,180.5,180.5
679,21.415703772513826,17.3511721349063,25.480235410121352,189.0,189.0,189.0
680,21.932174676966827,18.09332836038854,25.771020993545115,194.2,194.2,194.2
681,19.631779879878557,16.792323768258843,22.471235991498272,175.1,175.1,175.1
682,21.710828765550833,17.326383701905343,26.095273829196323,190.2,190.2,190.2
683,22.24417304032079,18.236163756890395,26.25218232375118,196.0,196.0,196.0
684,22.0372051553681,16.90295803844891,27.171452272287286,194.2,194.2,194.2
685,20.223508746950394,15.603941922124678,24.84307557177611,181.1,181.1,181.1
686,19.3815380160524,14.552055481726763,24.211020550378038,173.0,173.0,173.0
687,20.030974369877732,15.582525789083805,24.479422950671662,176.3,176.3,176.3
688,21.56795196658868,18.598978855762486,24.536925077414875,191.0,191.0,191.0
689,21.060288443504668,16.86943918996394,25.251137697045394,187.1,187.1,187.1
690,19.62121421296397,15.448841276017667,23.793587149910273,175.0,175.0,175.0
691,18.027660601126264,14.411085878234609,21.64423532401792,161.3,161.3,161.3
692,21.150627462291006,17.198835397816506,25.102419526765505,187.8,187.8,187.8
693,17.468095295896113,13.003429732125388,21.932760859666836,156.9,156.9,156.9
694,17.883138022105776,13.922694032622296,21.843582011589255,161.3,161.3,161.3
695,20.191934135658265,14.961177574345392,25.422690696971138,178.6,178.6,178.6
696,20.025900174345132,15.022927895130282,25.028872453559984,176.2,176.2,176.2
697,20.46829260142126,14.862353090988739,26.07423211185378,181.4,181.4,181.4
698,19.152163838949217,14.10103742172467,24.203290256173766,169.7,169.7,169.7
699,21.56463262813322,16.71518791222146,26.414077344044983,190.2,190.2,190.2
700,19.523651877608017,14.366259559502971,24.681044195713064,173.5,173.5,173.5
701,23.78259216508686,17.820779055748325,29.744405274425397,207.8,207.8,207.8
702,20.63620407126491,15.794008260581563,25.478399881948256,181.5,181.5,181.5
703,18.982108378585963,13.610115842723577,24.35410091444835,170.7,170.7,170.7
704,20.118257173770964,15.293178494730746,24.94333585281118,179.8,179.8,179.8
705,26.76788985121857,20.72753239176066,32.80824731067648,230.7,230.7,230.7
706,20.7167419189,16.280624101931323,25.152859735868674,186.3,186.3,186.3
707,21.72074371126673,16.409847283290514,27.03164013924295,193.1,193.1,193.1
708,21.195736849785543,15.500337626385278,26.89113607318581,188.0,188.0,188.0
709,21.795678060700265,14.602164664606207,28.989191456794323,193.6,193.6,193.6
710,22.63691385283255,14.49314062559389,30.78068708007121,201.7,201.7,201.7
711,25.370250512200688,16.22963030209001,34.51087072231137,224.2,224.2,224.2
712,22.263844756564595,16.182316706479853,28.345372806649337,197.0,197.0,197.0
713,24.656863972024166,19.699139478299323,29.61458846574901,216.8,216.8,216.8
714,23.055267974469395,17.809982657323715,28.300553291615074,204.3,204.3,204.3
715,20.403468981774857,12.26541761835784,28.541520345191874,182.6,182.6,182.6
716,19.23961339235716,14.993157276379442,23.48606950833488,178.8,178.8,178.8
717,24.92026035058607,16.16310245700931,33.67741824416283,225.7,225.7,225.7
718,21.208932064036436,13.731439939712747,28.686424188360125,191.6,191.6,191.6
719,21.33867156197464,17.333800313118847,25.34354281083043,190.4,190.4,190.4
720,22.238324704060688,13.97009007511958,30.506559333001796,198.4,198.4,198.4
721,19.422663558380556,17.379393070497343,21.46593404626377,174.4,174.4,174.4
722,18.743735751150233,13.941488834402055,23.54598266789841,174.8,174.8,174.8
723,25.701635599284963,16.01264973169821,35.390621466871714,225.2,225.2,225.2
724,24.629315946642514,16.63068867402149,32.627943219263535,225.8,225.8,225.8
725,18.585708380272628,14.384986652090113,22.786430108455143,169.7,169.7,169.7
726,19.651736332612312,15.356499794552386,23.94697287067224,177.9,177.9,177.9
727,20.83419122219707,14.094750935787882,27.573631508606258,186.8,186.8,186.8
728,24.970889800623638,15.545082412056807,34.39669718919047,220.0,220.0,220.0
729,24.409602124585625,14.249499798981288,34.56970445018996,222.0,222.0,222.0
730,21.849850635090025,14.264905081775574,29.434796188404476,198.0,198.0,198.0
731,23.9908812444286,14.378196030574067,33.60356645828313,214.4,214.4,214.4
732,22.07613893109974,15.256665150994289,28.895612711205196,200.1,200.1,200.1
733,23.04782665480002,16.26882952593041,29.826823783669628,205.4,205.4,205.4
734,23.49905112516713,15.410821165816193,31.587281084518068,212.2,212.2,212.2
735,19.9825719095541,13.324842009136619,26.640301809971582,179.9,179.9,179.9
736,23.119036354856256,14.27999487996807,31.95807782974444,205.2,205.2,205.2
737,21.966312743874006,13.34160895309833,30.591016534649683,198.7,198.7,198.7
738,22.67459017117617,13.021407958896527,32.327772383455816,204.8,204.8,204.8
739,29.84428565658691,19.139498313909787,40.54907299926403,264.8,264.8,264.8
740,19.66118535811463,15.425747380011977,23.89662333621728,177.9,177.9,177.9
741,22.66988185956243,15.40020285271742,29.93956086640744,203.1,203.1,203.1
742,23.271741487985583,16.063891099165875,30.47959187680529,206.5,206.5,206.5
743,19.402280350498653,15.181729213485259,23.622831487512048,176.5,176.5,176.5
744,21.2448616781282,15.428940781562732,27.06078257469367,191.6,191.6,191.6
745,26.093666892433724,20.133210176688916,32.05412360817853,230.6,230.6,230.6
746,23.799971097422013,14.695070285925803,32.904871908918224,214.7,214.7,214.7
747,24.504391113109524,14.027540187866569,34.98124203835248,216.5,216.5,216.5
748,20.84355060184753,13.58543342200706,28.101667781687997,191.5,191.5,191.5
749,22.857355095924504,18.337676345084557,27.37703384676445,204.8,204.8,204.8
750,19.821684246758558,14.084957012465711,25.558411481051404,180.5,180.5,180.5
751,21.069004359234533,14.723956717687821,27.414052000781247,194.0,194.0,194.0
752,23.99385772042462,15.288045776983182,32.69966966386606,211.6,211.6,211.6
753,21.954218563311862,14.511367096861512,29.39707002976221,201.7,201.7,201.7
754,23.90221355420274,18.013765093524416,29.79066201488106,212.1,212.1,212.1
755,22.880494635569857,15.649675778954071,30.111313492185644,206.3,206.3,206.3
756,23.64172937930723,17.073709063944136,30.20974969467032,209.9,209.9,209.9
757,22.32529227677178,16.63075209273098,28.01983246081258,205.4,205.4,205.4
758,21.279765611871788,12.886847589285594,29.672683634457982,194.1,194.1,194.1
759,18.918231456036853,14.556346934766788,23.28011597730692,172.7,172.7,172.7
760,19.633132070024157,15.02022893281311,24.246035207235202,178.1,178.1,178.1
761,21.704515782782163,11.980702605967279,31.428328959597046,199.6,199.6,199.6
762,23.104100538585364,12.70403604500963,33.5041650321611,204.8,204.8,204.8
763,20.85639024459879,15.742552315495505,25.970228173702072,190.7,190.7,190.7
764,24.804973822771682,14.744328270447507,34.86561937509586,223.3,223.3,223.3
765,25.33589195323384,11.115157438985793,39.55662646748189,223.2,223.2,223.2
766,19.997026890588312,14.087866341173516,25.90618744000311,181.9,181.9,181.9
767,25.216436780233288,14.89486509535611,35.538008465110465,222.4,222.4,222.4
768,25.493219649791673,12.732218797879076,38.25422050170427,224.8,224.8,224.8
769,23.518869162061492,17.754971696297225,29.282766627825758,207.7,207.7,207.7
770,21.078881708397624,16.391010698728948,25.7667527180663,189.6,189.6,189.6
771,22.678067944114492,15.856970949827167,29.49916493840182,201.8,201.8,201.8
772,26.15854201946099,16.25380404129666,36.06327999762532,231.4,231.4,231.4
773,20.15430830817231,17.576546652689153,22.73206996365547,184.5,184.5,184.5
774,25.61949550021359,18.793357258498386,32.44563374192879,228.2,228.2,228.2
775,19.74840563257397,14.115411886515972,25.38139937863197,181.7,181.7,181.7
776,22.82171882266484,15.068541388583235,30.57489625674645,208.6,208.6,208.6
777,23.562396872801237,18.92636191360068,28.198431832001795,213.1,213.1,213.1
778,21.344463592831243,14.841577875939823,27.847349309722663,194.9,194.9,194.9
779,27.07478959805021,19.460519017734644,34.68906017836577,240.9,240.9,240.9
780,21.723020718891576,14.17042664823327,29.27561478954988,197.0,197.0,197.0
781,23.89612396588809,18.54337441682685,29.24887351494933,220.1,220.1,220.1
782,19.24603334540843,15.676874022579158,22.815192668237703,178.7,178.7,178.7
783,24.75683496935371,18.672368231159645,30.841301707547778,221.9,221.9,221.9
784,22.049606354559366,16.65505025875259,27.444162450366143,200.1,200.1,200.1
785,21.416359173802995,15.476227882156063,27.356490465449927,198.3,198.3,198.3
786,20.161124251909133,15.601582174214709,24.720666329603556,184.7,184.7,184.7
787,24.50242191417045,16.579872347187315,32.424971481153584,219.5,219.5,219.5
788,22.835605837956972,14.863821463974393,30.807390211939552,206.7,206.7,206.7
789,23.215177999075923,14.618591675355166,31.81176432279668,209.6,209.6,209.6
790,23.489772829355065,14.431357369459588,32.54818828925054,212.9,212.9,212.9
791,21.0942236565975,16.442298817190178,25.74614849600482,191.8,191.8,191.8
792,24.923094640859926,17.45576805140176,32.3904212303181,227.2,227.2,227.2
793,25.793160132160846,16.280216477124462,35.30610378719723,231.6,231.6,231.6
794,25.265587608183203,20.560639261280087,29.97053595508632,233.7,233.7,233.7
795,21.68242114050015,17.093248141204764,26.271594139795535,196.8,196.8,196.8
796,21.830585875755652,13.699133391213477,29.962038360297825,200.0,200.0,200.0
797,21.282267006559277,15.095211365569327,27.469322647549227,194.3,194.3,194.3
798,27.66716748168451,17.05756430898741,38.27677065438161,247.7,247.7,247.7
799,30.647191715555756,22.22611097715329,39.06827245395822,270.8,270.8,270.8
800,23.540280778012153,15.541750741955838,31.53881081406847,212.7,212.7,212.7
801,23.393370026120646,15.452520474474536,31.334219577766756,213.5,213.5,213.5
802,26.057086932747303,17.998248966626473,34.11592489886813,232.5,232.5,232.5
803,24.303034756877786,14.07764861211404,34.52842090164153,219.9,219.9,219.9
804,22.447390064156387,17.4778134755797,27.416966652733073,207.9,207.9,207.9
805,24.35599081666687,17.40626923859357,31.305712394740173,220.3,220.3,220.3
806,21.218113381321192,17.558606165781008,24.877620596861377,196.4,196.4,196.4
807,26.92678128522375,19.032636566032323,34.82092600441518,244.7,244.7,244.7
808,25.03730685802584,17.494369448992796,32.58024426705889,233.9,233.9,233.9
809,26.36848109464463,17.647888388588267,35.08907380070099,234.1,234.1,234.1
810,24.707635989588244,19.77681319310822,29.638458786068266,225.1,225.1,225.1
811,25.585977306398537,17.161404504755975,34.0105501080411,231.0,231.0,231.0
812,24.221059486510807,16.476395257620958,31.965723715400657,222.9,222.9,222.9
813,25.49052843157297,17.584630006871834,33.396426856274104,232.4,232.4,232.4
814,24.453491786113865,18.970651902876188,29.936331669351542,222.4,222.4,222.4
815,20.828920953734677,15.27384828582846,26.383993621640894,192.3,192.3,192.3
816,22.75200601254678,16.322205882851964,29.181806142241594,209.5,209.5,209.5
817,23.34497016642838,14.66371605227951,32.026224280577246,215.5,215.5,215.5
818,23.771279098193283,18.37905125399533,29.163506942391237,221.4,221.4,221.4
819,22.157786018681016,13.49890586601193,30.8166661713501,206.7,206.7,206.7
820,26.020512890985266,19.02284311032001,33.01818267165052,236.6,236.6,236.6
821,25.051131499283475,19.23770108235652,30.86456191621043,229.1,229.1,229.1
822,19.14377503726173,14.813954430039152,23.473595644484305,183.5,183.5,183.5
823,22.540750740829207,16.231435695048223,28.85006578661019,214.2,214.2,214.2
824,21.54765426532058,14.64153758000515,28.453770950636013,202.3,202.3,202.3
825,20.352944232715707,14.679993120690852,26.02589534474056,191.1,191.1,191.1
826,24.816669729531306,16.44605718700669,33.187282272055924,227.0,227.0,227.0
827,23.22092469004192,16.064424771878944,30.377424608204894,216.2,216.2,216.2
828,26.034407027434007,17.835402630952313,34.2334114239157,236.2,236.2,236.2
829,23.673691898271592,17.565672169080706,29.781711627462478,219.2,219.2,219.2
830,23.121522899579396,17.26883236158508,28.974213437573713,217.1,217.1,217.1
831,27.93492096768823,16.61122014251098,39.25862179286548,254.4,254.4,254.4
832,24.9369635646392,19.23017834497662,30.64374878430178,230.1,230.1,230.1
833,25.44769277653959,15.809207329033606,35.086178224045575,236.9,236.9,236.9
834,24.214630096931767,17.986364035886027,30.442896157977508,221.7,221.7,221.7
835,24.41558698663647,16.333000122544476,32.49817385072846,225.5,225.5,225.5
836,21.45483249794804,17.674108642934176,25.235556352961904,200.8,200.8,200.8
837,21.208745180525863,16.55201335461343,25.865477006438297,198.2,198.2,198.2
838,22.73769434192709,16.632301241403276,28.8430874424509,209.5,209.5,209.5
839,22.40454905761726,15.02587828975839,29.78321982547613,207.8,207.8,207.8
840,28.20999077343804,17.970685890068783,38.449295656807294,253.9,253.9,253.9
841,26.851858116026655,18.706426956556946,34.997289275496364,243.6,243.6,243.6
842,23.179735161533678,16.59811452448454,29.761355798582816,215.7,215.7,215.7
843,21.039678139317516,17.06866757620901,25.010688702426023,199.6,199.6,199.6
844,23.03038969054482,17.07519755885587,28.98558182223377,219.3,219.3,219.3
845,24.844053301110854,14.742170921203822,34.945935681017886,229.4,229.4,229.4
846,24.5158396578412,16.06461106860578,32.967068247076625,224.8,224.8,224.8
847,27.499424199749818,20.30516659593024,34.6936818035694,250.4,250.4,250.4
848,23.892726171566665,17.085065372658796,30.700386970474533,221.7,221.7,221.7
849,22.172147090789075,15.111333111188673,29.23296107038948,206.4,206.4,206.4
850,26.37164959059346,18.392824797823355,34.35047438336356,241.7,241.7,241.7
851,24.869876122167426,14.737273131651698,35.002479112683154,228.8,228.8,228.8
852,25.644623686252555,15.725918673251172,35.56332869925394,237.6,237.6,237.6
853,31.111048254306574,22.279728519219333,39.942367989393816,278.0,278.0,278.0
854,22.25480639195998,15.767895114478693,28.74171766944127,206.6,206.6,206.6
855,21.16574595223142,15.459923430496122,26.871568473966715,200.8,200.8,200.8
856,26.03868747426028,15.274752884521563,36.802622063998996,237.9,237.9,237.9
857,23.03335820588802,19.09056799970469,26.976148412071353,214.8,214.8,214.8
858,27.276999018253626,19.34413263158811,35.20986540491914,250.9,250.9,250.9
859,26.820987414826458,18.63520128025859,35.006773549394325,244.9,244.9,244.9
860,26.02096711213826,16.92704169634318,35.114892527933335,239.8,239.8,239.8
861,23.072794523429184,14.725435627117294,31.420153419741077,215.4,215.4,215.4
862,24.013555366792797,18.02945143835675,29.997659295228843,223.1,223.1,223.1
863,28.090576294797348,19.705309245822235,36.47584334377246,254.9,254.9,254.9
864,25.47862297736653,16.067849378342054,34.88939657639101,237.2,237.2,237.2
865,26.151226412184798,18.80657639467818,33.495876429691414,237.1,237.1,237.1
866,24.56949888677052,16.90831988687986,32.230677886661184,226.7,226.7,226.7
867,25.184859315324367,20.769605429548204,29.60011320110053,230.5,230.5,230.5
868,21.48041195459741,16.636908968605624,26.323914940589198,200.9,200.9,200.9
869,24.59204582490428,17.628428861702787,31.55566278810577,227.5,227.5,227.5
870,19.158875842559603,14.972901323746047,23.344850361373158,183.2,183.2,183.2
871,23.958631822755933,15.301351955269759,32.61591169024211,220.6,220.6,220.6
872,32.96670572636778,26.009765514454877,39.92364593828068,294.5,294.5,294.5
873,26.39436225680713,20.440583840835767,32.3481406727785,239.5,239.5,239.5
874,24.68349191477628,19.479215124646103,29.887768704906456,227.8,227.8,227.8
875,24.710936218613277,17.18455869346313,32.23731374376342,229.0,229.0,229.0
876,20.80780550860218,17.46538388390902,24.15022713329534,196.3,196.3,196.3
877,24.166363136925924,17.58789731805942,30.74482895579243,224.9,224.9,224.9
878,25.317716077095156,17.839735036115783,32.79569711807453,232.4,232.4,232.4
879,22.966270767969583,18.97523829559252,26.957303240346647,215.3,215.3,215.3
880,30.076735961378166,18.485725976100824,41.66774594665551,272.6,272.6,272.6
881,26.16787482995078,19.504595193341675,32.83115446655988,241.1,241.1,241.1
882,28.080855374973908,19.117154814466637,37.04455593548118,254.8,254.8,254.8
883,27.23649410487086,14.674732633181485,39.79825557656024,248.9,248.9,248.9
884,21.904777656865917,17.591031575201907,26.218523738529928,204.8,204.8,204.8
885,21.086261120464265,15.177039929376143,26.995482311552387,200.0,200.0,200.0
886,22.51756028687844,16.846798091981032,28.188322481775845,210.5,210.5,210.5
887,30.225395287424043,19.772003537684373,40.678787037163715,273.3,273.3,273.3
888,24.933450577895066,18.52110372019825,31.34579743559188,231.1,231.1,231.1
889,24.564128728857764,18.673207877705273,30.455049580010254,228.8,228.8,228.8
890,22.853817742940635,18.692200263505185,27.015435222376084,214.0,214.0,214.0
891,25.279228822513055,16.807281875403383,33.751175769622726,235.9,235.9,235.9
892,23.69240132760415,18.02634386818803,29.35845878702027,222.4,222.4,222.4
893,29.912064310534628,13.440667240834014,46.38346138023525,270.9,270.9,270.9
894,26.80693557391812,18.131394893374498,35.482476254461744,247.6,247.6,247.6
895,24.10848428055717,15.70834063083587,32.50862793027847,222.1,222.1,222.1
896,28.792759105152374,17.409089403603787,40.17642880670096,259.9,259.9,259.9
897,25.27902697250938,20.624611926389328,29.933442018629435,233.6,233.6,233.6
898,29.782973423140408,19.760543990942015,39.8054028553388,267.3,267.3,267.3
899,26.506624924146244,18.24210557952863,34.77114426876386,239.8,239.8,239.8
900,23.93583042006835,18.480366955217935,29.391293884918763,224.2,224.2,224.2
901,22.232793587454033,17.156448755294427,27.30913841961364,208.7,208.7,208.7
902,27.354014288629468,17.618749931219643,37.08927864603929,250.4,250.4,250.4
903,22.93546116776547,18.557288569431794,27.313633766099148,215.6,215.6,215.6
904,22.632632535595167,16.39514039305103,28.870124678139305,209.6,209.6,209.6
905,28.220855253023796,16.933605324713447,39.508105181334145,256.0,256.0,256.0
906,25.079768952793376,16.970196095350786,33.189341810235966,232.1,232.1,232.1
907,33.14240018136594,19.341123809059532,46.943676553672354,294.7,294.7,294.7
908,23.952274293392723,16.704687751456223,31.199860835329222,220.4,220.4,220.4
909,26.53393675949628,16.15279363461594,36.915079884376624,244.4,244.4,244.4
910,26.69330782614005,17.400971597557188,35.98564405472291,243.5,243.5,243.5
911,29.341208893796487,22.272270609110414,36.41014717848256,264.4,264.4,264.4
912,29.122398539319185,19.550490418526365,38.694306660112005,263.8,263.8,263.8
913,25.130061186474997,16.12749780357664,34.13262456937335,232.4,232.4,232.4
914,27.00836618327271,20.61676623847031,33.39996612807511,246.6,246.6,246.6
915,23.8981912500426,12.824637983506786,34.97174451657841,221.6,221.6,221.6
916,30.381167058174242,19.676781624605503,41.08555249174298,270.3,270.3,270.3
917,30.609732461453785,20.30792433777882,40.91154058512875,277.1,277.1,277.1
918,24.8658442707387,16.323921858184335,33.40776668329307,230.7,230.7,230.7
919,25.84114539059783,16.459636403133842,35.22265437806182,238.4,238.4,238.4
920,27.627282088292258,21.625326989535406,33.629237187049114,251.9,251.9,251.9
921,28.248858015353676,16.766079519495438,39.73163651121192,256.6,256.6,256.6
922,26.345982133952027,15.813295921184682,36.87866834671937,243.5,243.5,243.5
923,27.057189547308052,21.55341297808441,32.560966116531695,247.9,247.9,247.9
924,26.610548568608863,19.54141638791235,33.679680749305376,244.0,244.0,244.0
925,26.77917843602009,18.162989631621077,35.395367240419105,243.7,243.7,243.7
926,25.311731051979713,18.86067891610345,31.762783187855977,231.8,231.8,231.8
927,24.785899244539177,16.81520127590607,32.756597213172284,228.3,228.3,228.3
928,20.63160732086668,15.723895462510592,25.539319179222773,194.5,194.5,194.5
929,24.442608748813814,18.004082416048885,30.881135081578744,224.4,224.4,224.4
930,20.276459219764366,17.014712246265063,23.53820619326367,189.6,189.6,189.6
931,23.78154923130678,16.594363736238453,30.968734726375107,220.6,220.6,220.6
932,22.668965118440884,17.239057488963727,28.09887274791804,209.2,209.2,209.2
933,25.695977347868073,19.854330353311976,31.53762434242417,236.3,236.3,236.3
934,26.272599642285776,13.619481572380435,38.925717712191116,236.9,236.9,236.9
935,26.87468297647145,18.35033043657655,35.399035516366354,245.1,245.1,245.1
936,23.909196423343996,15.448331055464797,32.37006179122319,221.0,221.0,221.0
937,24.87025070722484,11.153545538209173,38.58695587624051,231.2,231.2,231.2
938,23.501086800097937,16.210325260108895,30.79184834008698,217.9,217.9,217.9
939,23.52324975770025,16.828055654963883,30.218443860436615,217.9,217.9,217.9
940,24.291818366505982,17.148084783557852,31.435551949454112,221.5,221.5,221.5
941,20.34840791442839,15.181865407989864,25.514950420866914,190.8,190.8,190.8
942,25.788139886605222,18.397039992745455,33.17923978046499,238.3,238.3,238.3
943,26.184739635306027,19.92691003311256,32.44256923749949,238.4,238.4,238.4
944,29.069850083671327,16.477619023584484,41.66208114375817,264.3,264.3,264.3
945,25.049325567725965,18.697617058709856,31.401034076742075,228.0,228.0,228.0
946,29.356699186835773,19.839379718395612,38.87401865527593,262.3,262.3,262.3
947,25.919398530715267,14.332433183026776,37.50636387840376,235.3,235.3,235.3
948,25.86493733480693,14.814499006749854,36.915375662864,235.2,235.2,235.2
949,26.315703946184033,19.75122985925274,32.88017803311533,238.5,238.5,238.5
950,24.026807594849018,12.918200168338782,35.13541502135925,222.4,222.4,222.4
951,28.603887403622355,19.6790880554068,37.52868675183791,257.6,257.6,257.6
952,23.23271621624795,17.873050283905183,28.59238214859072,211.7,211.7,211.7
953,28.28024396473511,22.716231670238066,33.844256259232154,257.8,257.8,257.8
954,21.366359201372596,15.530686983779301,27.20203141896589,198.7,198.7,198.7
955,27.659922612239008,19.676255464983214,35.6435897594948,250.2,250.2,250.2
956,24.172468985333058,17.27136298363845,31.073574987027666,221.7,221.7,221.7
957,26.634193199992154,19.31479162844354,33.953594771540764,239.0,239.0,239.0
958,30.54832302362255,21.768464660658516,39.328181386586586,275.3,275.3,275.3
959,22.844717753430245,14.777100715429299,30.912334791431192,210.0,210.0,210.0
960,27.69551990388705,18.877093888839667,36.51394591893443,249.5,249.5,249.5
961,29.04414245628775,20.50503581085627,37.58324910171923,261.0,261.0,261.0
962,30.121388183901765,21.169528030081217,39.07324833772231,270.7,270.7,270.7
963,28.990327528923082,13.047338294342973,44.93331676350319,260.9,260.9,260.9
964,27.366589022561833,21.17960244972816,33.5535755953955,241.9,241.9,241.9
965,25.279805589430474,15.552392537049585,35.00721864181136,227.4,227.4,227.4
966,21.85239241781237,17.626787836114044,26.0779969995107,200.2,200.2,200.2
967,34.99180695406329,17.014171192846128,52.96944271528046,308.3,308.3,308.3
968,24.866015029803794,19.55570118149029,30.1763288781173,225.9,225.9,225.9
969,23.963580114744218,15.891200485083687,32.03595974440475,215.2,215.2,215.2
970,28.544294475364744,21.05520864086055,36.03338030986894,251.7,251.7,251.7
971,30.491919932305525,19.515303206231998,41.46853665837905,270.6,270.6,270.6
972,19.255324406601723,16.00285678744641,22.507792025757034,177.3,177.3,177.3
973,27.71086826404835,14.383696732484873,41.03803979561183,244.0,244.0,244.0
974,23.174209929312394,16.982874269447194,29.365545589177593,207.9,207.9,207.9
975,26.83984142984432,15.936656909252935,37.74302595043571,236.6,236.6,236.6
976,28.428626612186775,15.672580614734885,41.18467260963867,253.2,253.2,253.2
977,21.47829210961455,13.304706797763615,29.651877421465485,197.4,197.4,197.4
978,23.946836488932085,17.40101649645926,30.49265648140491,215.7,215.7,215.7
979,24.169565403431854,16.519434087616492,31.819696719247215,212.0,212.0,212.0
980,21.36954021425611,16.302422169255184,26.436658259257033,191.4,191.4,191.4
981,22.327962025474143,15.828659432042585,28.8272646189057,194.5,194.5,194.5
982,24.12944789142457,12.416061892372152,35.84283389047698,216.1,216.1,216.1
983,23.553658340893982,17.53077892892112,29.576537752866844,207.9,207.9,207.9
984,18.610842273567776,13.697486783595801,23.524197763539753,169.1,169.1,169.1
985,21.756165743398263,15.226509186577003,28.28582230021952,197.1,197.1,197.1
986,27.46784705262735,18.9182780732418,36.017416032012896,244.0,244.0,244.0
987,23.65365360108226,12.646887300421144,34.66041990174338,213.1,213.1,213.1
988,19.426421090375108,11.002918361005829,27.849923819744387,173.8,173.8,173.8
989,22.70471161280983,15.722159344537497,29.687263881082167,200.0,200.0,200.0
990,21.74033086314614,17.283505565679246,26.197156160613037,195.4,195.4,195.4
991,21.169236087425542,12.178300342341077,30.16017183251001,188.7,188.7,188.7
992,22.08234596245436,17.254924806901762,26.90976711800696,193.6,193.6,193.6
993,22.07323394663208,16.523125593568075,27.623342299696084,195.4,195.4,195.4
994,22.078412270457306,13.7288074213565,30.428017119558113,196.5,196.5,196.5
995,19.1739960813333,14.143799298970993,24.204192863695607,177.5,177.5,177.5
996,23.452691248813643,14.572209947102456,32.33317255052483,210.7,210.7,210.7
997,23.58837298257142,19.64469790339073,27.532048061752114,211.3,211.3,211.3
998,21.86667628767218,14.417448438366488,29.315904136977874,191.2,191.2,191.2
999,25.15789445734881,16.03053398460102,34.2852549300966,227.4,227.4,227.4
