0,650.7410945762567,-610.9588986179683,1912.4410877704818,3348.9375,-518.015878771685,7215.890878771685
1,665.808030072455,-290.6992098896509,1622.3152700345609,3101.1875,-291.1563287331296,6493.53132873313
2,194.3745774258714,-23.48040664358018,412.22956149532297,1022.4375,418.52173924047986,1626.3532607595203
3,420.42248751821353,-684.9474733230497,1525.7924483594768,1759.8125,-579.0791771290947,4098.704177129095
4,238.49363750150314,-145.718498652613,622.7057736556193,912.0625,171.92151100280228,1652.2034889971978
5,232.14299494592615,-63.86854820161784,528.1545380934701,1620.6875,-726.9928104008327,3968.3678104008327
6,906.8056487536901,-774.3794256298729,2587.990723137253,3316.6875,-450.0696881983249,7083.444688198325
7,812.8277259336502,-1027.8999653379346,2653.555417205235,3716.5625,-557.0653641329718,7990.190364132972
8,686.8195067643599,-529.0964270260679,1902.7354405547876,3493.5625,-137.53027574861062,7124.655275748611
9,1481.0940281336398,-970.4687050457715,3932.656761313051,2998.375,-524.327174379066,6521.0771743790665
10,1144.4416775603722,-754.6739970468022,3043.557352167547,2376.9375,-704.1240351845458,5457.999035184546
11,659.8023899221478,-672.5806163564093,1992.1853962007049,1201.375,-368.09090736307485,2770.8409073630746
12,835.1088201030426,-455.7486096192762,2125.9662498253615,2845.4375,-183.4221238673308,5874.297123867331
13,404.4788108497187,150.91422946608063,658.0433922333567,1630.875,-639.2154132600094,3900.9654132600094
14,1290.163130058523,-348.9935119713032,2929.319772088349,3308.5,-590.9510350817332,7207.951035081733
15,1777.1090279406712,-772.6941074755082,4326.91216335685,3803.4375,-421.55665633841454,8028.4316563384145
16,960.967488329808,-363.03211131437615,2284.9670879739924,2466.25,-711.9585067691828,5644.458506769182
17,982.7034589265415,-408.1714287202151,2373.5783465732984,2479.0,-649.0796625086132,5607.079662508613
18,838.4824347953877,-363.08186360289096,2040.0467331936663,3116.125,-353.1423915936489,6585.392391593648
19,1156.8747146533913,40.88222623785214,2272.8672030689304,3039.8125,-528.2732826492556,6607.898282649256
20,1295.0394308034006,-476.94587096869896,3067.0247325755,3554.9375,-201.93281431665855,7311.807814316659
21,766.3510891288433,-133.18601868777466,1665.8881969454615,1953.125,-1161.5331247987715,5067.7831247987715
22,1943.5669400987313,-276.0075682962615,4163.141448493724,4609.5,379.24013800570447,8839.759861994295
23,950.6999620910665,-185.1310019191792,2086.530926101312,2850.625,-747.3653744138892,6448.615374413889
24,1190.0447144703076,31.97221486099488,2348.11721407962,3268.6875,-410.7223324111369,6948.097332411136
25,2314.339019293156,180.0814965770728,4448.59654200924,5006.875,1030.26130435706,8983.48869564294
26,2551.247814217023,-134.2401596622949,5236.735788096341,5451.6875,1630.3783212179756,9272.996678782025
27,1184.6947107060826,-297.1760647847025,2666.565486196868,2875.9375,-162.23788723388225,5914.112887233882
28,891.7954294864758,-508.98266899107784,2292.5735279640294,3234.125,-361.4938597201176,6829.743859720118
29,1281.813607918557,-211.67600073459494,2775.3032165717086,3817.8125,-13.667080702962721,7649.292080702962
30,1357.8214272461655,-435.0513680131694,3150.6942225055004,4227.125,137.19254525517863,8317.057454744821
31,1895.48659966316,-342.9973067983194,4133.9705061246395,3853.375,33.8058673130422,7672.944132686958
32,1306.0117267335368,-244.0321190434022,2856.055572510476,3690.25,63.37773350094403,7317.122266499056
33,1460.009273106758,55.496308430516365,2864.5222377829996,3711.5625,-18.022178096711286,7441.147178096711
34,1744.6776210770531,-146.22757925425435,3635.5828214083604,4033.3125,642.1841347145232,7424.440865285476
35,1406.023890009058,-33.002616109118435,2845.0503961272343,3832.5625,-364.38432133259266,8029.509321332593
36,1167.9020835932179,-153.2902336438392,2489.094400830275,4434.1875,860.2785192978122,8008.096480702188
37,1223.056716752269,-298.3213996574216,2744.4348331619594,3309.6875,-3.54801680887158,6622.923016808872
38,1787.8540696789369,355.7920960929812,3219.9160432648923,4128.8125,997.4586550403233,7260.166344959676
39,3172.0892334219848,376.1124723941157,5968.065994449854,5321.5,1074.993906751104,9568.006093248896
40,2743.247103627297,-7.30436979411752,5493.798577048711,6152.9375,2363.711070556419,9942.16392944358
41,3573.522255702007,426.31558028583595,6720.728931118178,6151.4375,1767.263276603563,10535.611723396436
42,2884.6990506013917,325.3257583874379,5444.072342815345,5416.5,1214.5732395721125,9618.426760427887
43,2491.75687334794,232.38497196152775,4751.128774734352,4187.5,609.9153748653266,7765.084625134674
44,3844.507875613209,501.3199066702805,7187.695844556138,6633.0625,2280.5657098123556,10985.559290187644
45,3277.3047002868047,226.97699503375134,6327.632405539858,5518.0625,1364.3485072467975,9671.776492753203
46,1930.3039940187782,-715.8717410601425,4576.4797290976985,3131.8125,-318.3223926301057,6581.947392630105
47,2887.5119615209487,-221.7067837349923,5996.73070677689,4544.5625,251.7494804178814,8837.375519582118
48,2958.358257854525,138.06009415042308,5778.656421558628,5011.4375,1047.8368962441486,8975.03810375585
49,3985.234673926243,669.3954649941456,7301.07388285834,6276.9375,2017.110339938955,10536.764660061046
50,4089.6484553252994,165.60769635050565,8013.689214300093,4595.3125,902.4157420545857,8288.209257945415
51,2215.993012080403,-706.5779416014202,5138.563965762226,3474.5625,31.848799865504134,6917.276200134496
52,2340.8186484381977,-360.48122406054154,5042.118520936937,3064.25,-301.77594872648024,6430.27594872648
53,3554.557766144697,387.5662805036204,6721.549251785773,5213.1875,935.4636715669685,9490.91132843303
54,1623.7759182235172,-228.4793234334661,3476.0311598805006,4163.125,163.46831356115035,8162.78168643885
55,4264.866003684987,624.6628524908479,7905.069154879126,6730.25,2968.905767215662,10491.594232784339
56,3340.5993243348066,818.1099164159018,5863.088732253711,6172.5625,2291.014742198513,10054.110257801487
57,3449.3990050627895,382.8832113766698,6515.914798748909,5283.0,1090.2422857980455,9475.757714201955
58,2324.0488720573508,-63.48303739156836,4711.58078150627,5749.375,1677.8797759606791,9820.870224039321
59,2513.2074150741887,-199.4353485104234,5225.8501786588,5584.625,1657.6439891756545,9511.606010824346
60,3693.238220345187,422.1288875803689,6964.347553110005,5696.5625,1368.2799888769387,10024.845011123061
61,5396.019575271254,1548.470603114161,9243.568547428347,7386.8125,3468.886785754801,11304.738214245199
62,4275.5451668606975,362.8796737202056,8188.210660001189,6749.4375,2537.515314572811,10961.35968542719
63,3985.931423798118,313.6347360683885,7658.228111527847,5759.8125,1426.3622115642656,10093.262788435735
64,6315.703763662198,2618.515549029728,10012.891978294669,8427.3125,5138.391690700428,11716.233309299572
65,4914.152967508818,1481.612206005122,8346.693729012513,6732.5,2483.2536844753276,10981.746315524673
66,4697.986494778686,1317.9333375608762,8078.039651996496,6786.3125,2903.0914671660785,10669.53353283392
67,5391.844725156474,1778.0318624865808,9005.657587826367,7359.375,3420.2367713546787,11298.51322864532
68,5295.382509220117,1509.5467839918324,9081.2182344484,6337.8125,2155.5866987855616,10520.038301214438
69,6423.67812082284,2658.1677390104323,10189.188502635248,7657.0625,3940.1718561158204,11373.95314388418
70,4964.712507234661,1528.3222352626708,8401.10277920665,6951.875,2985.0009650229626,10918.749034977038
71,4123.492061734865,-199.88679831972513,8446.870921789456,4833.8125,245.20497403487843,9422.420025965122
72,6334.092305198834,2773.227553491934,9894.957056905734,8350.9375,4899.6598838709015,11802.215116129099
73,5168.58620013418,1191.2556078953703,9145.916792372991,7307.8125,3303.9774756335178,11311.647524366483
74,5953.105066758052,2107.8239989576714,9798.386134558434,7283.9375,3231.3904696012473,11336.484530398753
75,4558.234635502366,601.0345439765756,8515.434727028156,6060.375,1576.1562710155404,10544.593728984459
76,6446.341725983089,2867.407904654707,10025.275547311472,8492.0,5343.894915191045,11640.105084808954
77,4136.942609375626,49.11710886013134,8224.76810989112,4964.5,534.0659919145619,9394.934008085438
78,6129.785781022813,1136.749960553163,11122.821601492464,6103.1875,1656.8279747992146,10549.547025200785
79,6003.818126899646,1344.5536455486235,10663.082608250668,6410.3125,1771.5050331133052,11049.119966886694
80,7104.776029041483,2559.570551573119,11649.981506509846,7710.5625,3731.3519317975897,11689.77306820241
81,6532.063184650649,2381.715454274914,10682.410915026385,7418.625,3526.297292268417,11310.952707731583
82,4416.813883616993,-58.05493021791244,8891.682697451899,4543.0625,268.0952418103243,8818.029758189676
83,4875.105938412798,594.3560306553154,9155.855846170281,5638.5,1162.88065738383,10114.11934261617
84,9245.639151112664,6337.620479423364,12153.657822801964,9130.75,6802.7187636331,11458.7812363669
85,7374.809201239694,3168.466584412721,11581.151818066666,7751.8125,4094.3359071365885,11409.289092863411
86,7003.847560825685,3014.1722207673106,10993.52290088406,8272.25,4668.845490026133,11875.654509973867
87,8062.503830617829,4215.985648662376,11909.022012573283,8469.25,5241.705838799413,11696.794161200587
88,6061.317632636855,1584.671095253395,10537.964170020314,6382.875,2242.943208970708,10522.806791029292
89,5877.944063087765,1228.2952995439782,10527.592826631553,6705.3125,2445.6698401230296,10964.95515987697
90,5937.105719600473,1034.8204222073673,10839.391016993579,5981.5,1403.379493176266,10559.620506823734
91,4453.632538670685,309.7387541731814,8597.52632316819,5343.5,1157.137318626108,9529.862681373892
92,5511.680287526386,747.6919415969705,10275.6686334558,5692.6875,1350.3582040064603,10035.016795993539
93,8449.369741754977,4444.635849582906,12454.103633927049,8067.6875,4649.885159336668,11485.489840663333
94,7742.3552516634645,4541.776457879534,10942.934045447395,9479.625,7464.221291217315,11495.028708782684
95,8043.757310620655,4016.885565816035,12070.629055425274,8437.9375,5167.889651176722,11707.985348823278
96,7623.723395045745,3218.105076491751,12029.341713599739,8467.0,5242.851449607198,11691.148550392802
97,4236.805871581337,-419.4699739978587,8893.081717160532,4287.75,-172.00250854798014,8747.50250854798
98,7360.516338537054,2831.4970115192345,11889.535665554875,7222.625,3094.541427157149,11350.70857284285
99,6435.220828827241,1864.464343220664,11005.977314433818,7304.6875,3292.915358558795,11316.459641441204
100,4698.061705431265,122.24405938360542,9273.879351478925,5030.6875,572.7478032517647,9488.627196748235
101,7328.827564309229,2740.377195844476,11917.277932773983,7541.4375,3283.051406525883,11799.823593474117
102,6493.596133498017,2150.06351030126,10837.128756694772,6784.25,2537.6592424039727,11030.840757596026
103,7637.056276358461,3226.9859393460583,12047.126613370863,7797.4375,3972.327257001277,11622.547742998722
104,7638.704589659592,3189.8469288396955,12087.562250479488,7467.0625,3681.2155262576975,11252.909473742302
105,9307.177146775644,6720.458202881566,11893.896090669723,10000.0,10000.0,10000.0
106,7904.151440111583,3548.1006485579555,12260.202231665211,7828.9375,4040.481721771389,11617.39327822861
107,5332.859744622288,487.95024935113724,10177.76923989344,5177.5,856.136384195378,9498.863615804621
108,9259.978309338298,6344.089763154418,12175.866855522178,9348.5,7603.7571106320565,11093.242889367943
109,7760.9312977733425,2993.5414745638336,12528.321120982851,7227.0625,3108.6246822596677,11345.500317740332
110,8691.877107478766,4762.5303086850945,12621.223906272437,8468.5625,5265.521679764681,11671.60332023532
111,5886.825215295173,1489.5329070320659,10284.11752355828,6578.875,2119.3076460546645,11038.442353945335
112,8670.857309979863,4841.086446427751,12500.628173531975,8406.4375,5066.9807895314025,11745.894210468598
113,10179.40286737056,7979.091063695002,12379.714671046117,9535.0,7734.062744013551,11335.93725598645
114,8799.680536442831,4533.915789673589,13065.445283212073,8290.4375,4726.016141477168,11854.858858522832
115,6820.410909209637,1895.0219842941679,11745.799834125106,6559.5625,2113.512610368334,11005.612389631666
116,9959.261001243874,7166.672823986272,12751.849178501478,9382.875,6992.760152471748,11772.989847528252
117,9189.018018829192,5646.698430218525,12731.33760743986,8878.25,5907.355090633464,11849.144909366536
118,9252.968225401402,4905.496463085869,13600.439987716934,8240.8125,4578.62812420135,11902.99687579865
119,10077.852095016426,5971.344062195662,14184.36012783719,9020.5,6397.340287935178,11643.659712064822
120,9679.684816341436,6804.6353388979505,12554.73429378492,9118.1875,6746.900291047075,11489.474708952925
121,6748.228351077161,1669.125404018715,11827.331298135607,6702.0625,2587.53454304142,10816.59045695858
122,5708.176702965086,864.5956010763039,10551.757804853869,6703.25,2427.64718431424,10978.852815685761
123,8945.879476347785,5356.567877729227,12535.191074966344,8616.5625,5734.403327418834,11498.721672581167
124,9439.888519120264,6447.033683707362,12432.743354533166,8985.375,6287.053603395252,11683.696396604748
125,7712.226058490669,3461.571537720387,11962.880579260951,7599.8125,3881.3817453208503,11318.24325467915
126,7039.124794199819,2422.376727796057,11655.87286060358,6895.3125,2847.1655208447532,10943.459479155246
127,8493.60557813842,5020.832514470447,11966.378641806394,8520.0,5427.489834293184,11612.510165706815
128,7719.469968921865,3499.6204185779825,11939.319519265748,7750.75,3843.157206795979,11658.342793204021
129,6526.273887596013,1696.7479499935507,11355.799825198475,6567.5625,2125.387385701403,11009.737614298596
130,8255.695860942935,4014.100675136464,12497.291046749406,7803.0,3995.7072446421985,11610.292755357801
131,4537.747254047774,-82.19802849287589,9157.692536588424,4572.9375,333.70814095444894,8812.166859045552
132,5038.499828188737,274.1650038421594,9802.834652535315,5034.0625,635.41199006019,9432.71300993981
133,7305.401247265196,2815.22023111576,11795.582263414632,7243.25,3137.332631433019,11349.167368566981
134,5478.1105720595415,483.7425246014891,10472.478619517595,5072.6875,720.8516988875836,9424.523301112416
135,5412.343391692038,702.0224286795583,10122.664354704517,5456.1875,1411.8484591499687,9500.52654085003
136,5804.859197038886,888.1995940357847,10721.518800041988,5774.9375,1527.6902080950713,10022.184791904929
137,9605.632417929548,5881.675947677284,13329.588888181812,8889.4375,5941.646420887752,11837.228579112249
138,9716.15520116569,5417.922268265697,14014.38813406568,8564.75,5473.189785076151,11656.31021492385
139,7318.5768394388815,2646.439415267815,11990.714263609949,6720.0625,2646.11107864091,10794.01392135909
140,8086.475158821451,3303.3141291168913,12869.636188526012,7269.75,3171.0245959871863,11368.475404012814
141,8029.735678490577,3117.9106143544077,12941.560742626745,7155.8125,2928.718444701047,11382.906555298952
142,9370.529529952142,5162.625385796918,13578.433674107368,8026.625,4515.8548943999485,11537.395105600051
143,8888.55765783112,4390.479831220623,13386.635484441616,7820.0,4034.9242907175553,11605.075709282444
144,7442.540991900647,2381.1961428296936,12503.885840971601,6390.0625,2126.9515251843377,10653.173474815663
145,8984.91568572159,4410.3386319405645,13559.492739502613,7669.25,3893.5700529573483,11444.929947042652
146,10288.813553410422,6660.773736943666,13916.853369877179,8983.5,6288.197094944615,11678.802905055385
147,12406.003539542937,11744.245328803561,13067.761750282312,9960.625,9808.126280743083,10113.123719256917
148,9705.350750584215,5225.613463451529,14185.088037716901,7939.875,4359.703445538538,11520.046554461462
149,9460.495302038871,5153.428266113457,13767.562337964286,7812.875,4365.671697411799,11260.078302588201
150,8301.04609476299,3247.453824159118,13354.638365366864,7185.5,3025.886781802904,11345.113218197097
151,10912.345715107633,8218.567639608453,13606.123790606813,9528.1875,7700.865544967513,11355.509455032487
152,9180.012340594794,4408.912045348576,13951.112635841013,7895.125,4243.1783808152395,11547.07161918476
153,7484.774731539729,2534.7107134992957,12434.838749580162,6797.9375,2660.07836953244,10935.796630467561
154,11710.139992359509,8988.159690778604,14432.120293940414,9478.0,7456.302693279728,11499.69730672027
155,9931.540048885807,5442.39062171186,14420.689476059753,8327.75,4844.011589542062,11811.488410457938
156,10329.252500505485,6166.312308793063,14492.192692217908,8508.375,5396.013579892271,11620.736420107729
157,10051.369608263112,6187.813658970663,13914.925557555562,8610.875,5699.859823231765,11521.890176768235
158,9750.80369129332,5135.167562434849,14366.43982015179,7941.5,4312.05054105998,11570.94945894002
159,11183.273997665237,7727.32059026782,14639.227405062655,9017.9375,6409.266275296943,11626.608724703057
160,10893.972674354936,6956.441109612593,14831.50423909728,8910.875,6029.058670083223,11792.691329916777
161,10309.266792022203,6656.983681281108,13961.549902763298,8924.1875,6072.249732911849,11776.125267088151
162,10197.914882858873,5657.183262298784,14738.646503418962,8350.625,4909.867999807309,11791.38200019269
163,8964.955191784557,3734.8596575039983,14195.050726065114,7045.375,3155.5091624196084,10935.240837580392
164,10459.030007924965,6455.166660159792,14462.893355690137,8614.125,5674.931682204282,11553.318317795718
165,10712.477231347853,6022.293276138599,15402.661186557107,8329.125,4850.297415974745,11807.952584025255
166,10972.02099636189,7117.187803274959,14826.854189448823,8925.6875,6079.53018445264,11771.84481554736
167,10802.351691531017,6796.464403619357,14808.238979442678,8924.4375,6074.52734859281,11774.34765140719
168,9721.184386338462,4408.5516686661,15033.817104010825,7807.5625,4006.5130072817387,11608.61199271826
169,11329.466357857833,6830.017562741563,15828.915152974103,8944.0,6133.167005138868,11754.832994861132
170,10698.336527509971,6832.999836848125,14563.673218171818,8654.9375,5768.063813190383,11541.811186809617
171,10805.355138376808,6086.939008136435,15523.77126861718,8403.4375,5071.001229627564,11735.873770372436
172,12545.684375113637,9249.304591059681,15842.064159167592,9418.375,7165.751061262112,11670.998938737888
173,11250.55476842107,6645.048186129375,15856.061350712767,8443.1875,5198.208143001908,11688.166856998092
174,11421.833450359096,6873.7219098446185,15969.944990873573,8876.125,5899.998388214977,11852.251611785023
175,12020.339684737659,8927.374059372378,15113.30531010294,9440.625,7274.174940715226,11607.075059284774
176,11837.673245708213,8622.97352177996,15052.372969636464,9426.6875,7206.257735327461,11647.117264672539
177,12783.87391151561,10987.75604641626,14579.99177661496,10000.0,10000.0,10000.0
178,12323.654385406418,8167.180044607873,16480.128726204963,8942.6875,6142.236314950749,11743.13868504925
179,12686.163933066635,10432.883781694965,14939.444084438304,9987.0625,9936.955777958441,10037.169222041559
180,9839.07289298694,4905.481129763692,14772.664656210189,7859.875,4146.969350865484,11572.780649134516
181,9524.000386120511,4354.149357673155,14693.851414567867,7567.8125,3876.874370290461,11258.750629709539
182,10705.355005195435,5999.1545987938935,15411.555411596977,8368.4375,4970.624582681898,11766.250417318102
183,10866.68286312107,5943.340613423975,15790.025112818166,8260.875,4753.285676921399,11768.464323078602
184,8389.283199648227,2426.104519738288,14352.461879558166,6227.0625,1870.4209685455526,10583.704031454447
185,10524.984523858557,5574.552884841172,15475.416162875941,7957.4375,4405.072478483524,11509.802521516476
186,12982.732889297933,9948.141430613872,16017.324347981994,9486.9375,7499.854981936457,11474.020018063544
187,12059.659512669006,7905.669110883114,16213.649914454898,8896.25,5975.163055470618,11817.336944529383
188,11348.187654675696,6867.720729875024,15828.654579476368,8282.6875,5128.9894778609505,11436.38552213905
189,9214.603232568357,3136.990750668524,15292.215714468191,6769.5625,2474.924942988495,11064.200057011505
190,11103.350544469282,5810.821195857848,16395.879893080717,7946.4375,4268.746360019135,11624.128639980865
191,12545.824437940591,9379.361372594043,15712.28750328714,9425.5,7200.471067603839,11650.52893239616
192,11757.268659990279,7264.386462969573,16250.150857010985,8498.1875,5364.5367094134435,11631.838290586556
193,10039.51516219905,4812.870833964045,15266.159490434055,7534.6875,3693.3322261619046,11376.042773838095
194,10342.41305076351,5207.854726661497,15476.971374865521,7833.5625,4056.0678115730593,11611.057188426941
195,8070.984018897419,2106.0076361647307,14035.96040163011,6203.1875,1849.9285882944541,10556.446411705547
196,11790.074302062967,8023.537588251364,15556.61101587457,8827.1875,6263.018891592248,11391.356108407752
197,7353.802897216667,840.0527335088182,13867.553060924514,5201.5,812.3529444777087,9590.647055522291
198,10848.138120436366,5889.073125791899,15807.203115080833,8130.625,4610.754265956632,11650.495734043368
199,11384.198168638788,6358.224269227209,16410.172068050368,8314.8125,4796.25687981382,11833.36812018618
200,12909.512714108962,9466.065609165424,16352.9598190525,9251.4375,6849.166804159552,11653.708195840449
201,10795.90748287303,5242.374589858819,16349.440375887241,7749.375,3818.0546131102465,11680.695386889754
202,7996.9052063327745,2100.736514184173,13893.073898481376,5676.25,1654.1486602150362,9698.351339784964
203,11396.624451064552,6589.6775583320095,16203.571343797095,8445.0625,5147.134903221418,11742.990096778582
204,11622.422619999981,7077.411619267304,16167.43362073266,8572.4375,5367.434477989919,11777.440522010082
205,11044.745018939677,6170.743087559514,15918.74695031984,8117.0,4668.838243353424,11565.161756646576
206,12385.390167665268,9403.019034025025,15367.76130130551,9243.6875,7204.5862360006495,11282.788763999351
207,9535.491296266258,3592.332274085079,15478.650318447439,7167.6875,2950.5796978631197,11384.795302136881
208,10819.26826072632,5037.786866363626,16600.749655089014,7768.5625,3879.5474902457627,11657.577509754237
209,12156.038677500797,7585.5006434776315,16726.576711523965,8821.5,5700.114370187496,11942.885629812503
210,11038.270192849875,6273.846618626756,15802.693767072995,8344.6875,4844.171989415345,11845.203010584655
211,11933.840362318912,7383.32007069909,16484.360653938733,8822.625,5703.978621460907,11941.271378539093
212,8235.880060704176,1708.723964068401,14763.03615733995,6026.8125,1508.4328095198216,10545.192190480178
213,7264.558138077312,233.30960515813786,14295.806670996486,5166.8125,328.40512749158825,10005.219872508413
214,9201.51073629977,3199.6834095573386,15203.3380630422,6532.25,2432.4267339920616,10632.073266007937
215,9157.096419415686,2651.7052167425427,15662.487622088829,6561.375,2078.5770473397424,11044.172952660258
216,10819.016596621716,5082.832449099673,16555.20074414376,7763.4375,3879.26944286167,11647.60555713833
217,8631.988155727118,2535.893556900459,14728.082754553778,6321.0625,2064.676261816986,10577.448738183015
218,11466.28480619355,6411.98591237524,16520.58370001186,8346.0,4884.326903793485,11807.673096206516
219,10877.02245205982,5327.874269692602,16426.17063442704,7670.0,3937.3341630946925,11402.665836905308
220,10799.461838890407,5729.407077307302,15869.516600473513,7773.3125,4385.957618998638,11160.667381001362
221,12734.574517881545,8527.620202160446,16941.528833602642,8958.375,6202.48694269887,11714.26305730113
222,10196.748964733117,4482.319818021845,15911.178111444387,7215.125,3436.8465250361705,10993.40347496383
223,9015.147770046724,2686.423147267019,15343.87239282643,6352.0625,2113.2958092521185,10590.829190747882
224,11127.22415442727,5816.088889247665,16438.359419606873,7973.125,4424.18778452619,11522.06221547381
225,11907.209432697575,7681.526887675396,16132.891977719753,8347.25,5584.151139571731,11110.348860428268
226,13761.387824368863,11295.219918173947,16227.55573056378,9568.0,7894.871194438396,11241.128805561604
227,11877.116100794789,7056.6190859450635,16697.61311564451,8458.4375,5238.001291798733,11678.873708201267
228,12065.79062697635,7391.71776603786,16739.863487914838,8370.5625,5388.646925055976,11352.478074944025
229,9485.662418934364,3447.6094109685246,15523.715426900202,6783.8125,2734.738605596028,10832.886394403973
230,11033.72263333268,5871.310923863897,16196.134342801462,7733.25,4403.666120218624,11062.833879781376
231,11539.13637366812,6329.287933403329,16748.98481393291,8085.8125,4718.8002446995015,11452.824755300499
232,10644.960100766086,4865.744634730787,16424.175566801387,7383.375,3573.6469933865355,11193.103006613464
233,13142.10853900231,10145.910667540667,16138.306410463954,9065.5,7103.616561821269,11027.383438178731
234,13140.950008396718,8997.445163901019,17284.454852892417,8974.0625,6237.595423897357,11710.529576102643
235,10715.103202778348,5420.3278293169315,16009.878576239764,7508.0,3973.743766363282,11042.25623363672
236,12910.777754832714,9059.745571951597,16761.80993771383,8780.4375,6456.813660801032,11104.061339198968
237,10086.018441909451,4112.079968175755,16059.956915643146,6943.5625,2968.289742553821,10918.835257446179
238,11133.626902001743,6062.42717835111,16204.826625652375,7479.3125,4238.715569673159,10719.909430326841
239,10043.22915689056,4812.21039513633,15274.24791864479,6986.8125,3457.139830708448,10516.485169291553
240,8843.12999677563,3008.456211192156,14677.803782359104,6181.375,2270.703112795066,10092.046887204935
241,11421.33459138092,6055.538689651715,16787.130493110126,7975.3125,4432.913159179749,11517.711840820251
242,8663.626601311698,3119.2368976637144,14208.016304959681,6065.8125,2327.115932030924,9804.509067969077
243,10729.374134218942,4930.844916453594,16527.903351984292,7698.9375,3707.697021327517,11690.177978672484
244,13360.420882560546,10106.90887225397,16613.932892867124,9327.125,7142.777189010413,11511.472810989588
245,12005.92623453448,6891.419118888337,17120.43335018062,8376.8125,4995.875957805848,11757.749042194151
246,7119.602288558782,1261.3507455483268,12977.853831569237,5135.0625,1233.9597157101848,9036.165284289815
247,8464.139676502384,1914.1646324702642,15014.114720534504,5837.9375,1593.1940526767403,10082.68094732326
248,8423.186812409509,2563.982804766024,14282.390820052995,6140.5,2173.262091202495,10107.737908797506
249,11107.045196209298,5728.618174331539,16485.472218087056,7612.875,4014.327482684854,11211.422517315146
250,10242.056808605736,4576.032124701567,15908.081492509904,7043.8125,3380.08483512864,10707.54016487136
251,11003.98634144669,5257.623517037924,16750.349165855456,7602.0625,3852.6713582819543,11351.453641718046
252,10952.030603309913,4892.879210518684,17011.181996101142,7415.0625,3509.8506544538777,11320.274345546122
253,10409.182141926178,4280.028026393326,16538.33625745903,7008.375,3078.3250341121616,10938.424965887838
254,12128.974505195172,6712.245057870238,17545.703952520107,8098.6875,4685.160553446956,11512.214446553044
255,11336.616020050158,5520.229818795145,17153.00222130517,7608.625,3887.1376650255816,11330.11233497442
256,6724.864442346713,261.7558757833531,13187.973008910074,4707.25,519.094625912262,8895.405374087739
257,12423.366747800841,7334.558224871787,17512.175270729895,8262.4375,5010.434867606577,11514.440132393422
258,9055.044065046368,2845.4990564917107,15264.589073601026,6150.5625,2159.7287373516797,10141.39626264832
259,10148.670916477107,4178.653966427374,16118.687866526841,7058.5625,3168.9395110595874,10948.185488940413
260,13093.140205253454,8730.313086928603,17455.967323578305,8950.625,6171.638631847936,11729.611368152064
261,9400.78238712363,3179.6178100336765,15621.946964213585,6440.5,2355.5109700269695,10525.48902997303
262,9642.027159742036,3843.763353618546,15440.290965865526,6999.0,3030.5589805315235,10967.441019468477
263,11205.98062080681,5593.609411151149,16818.35183046247,7893.0,4228.847250045381,11557.15274995462
264,13012.119032245937,9006.8383131718,17017.399751320074,8845.6875,6277.296327525732,11414.078672474268
265,10031.885552830288,3480.2530191510523,16583.518086509524,6780.6875,2615.404500629639,10945.97049937036
266,11928.635831684915,7256.408630737393,16600.863032632435,8361.5625,5220.690905825264,11502.434094174736
267,12245.55407263046,6837.1078124209635,17654.000332839958,8318.625,4810.794974988098,11826.455025011903
268,11951.44285631638,6652.520633385251,17250.36507924751,8103.3125,4731.035140433656,11475.589859566344
269,13023.044141409675,8438.641338597845,17607.446944221505,8628.0625,5716.9407130261625,11539.184286973838
270,11467.555717793648,5419.232938620813,17515.878496966485,7546.1875,3856.7075702072184,11235.667429792782
271,11719.627667287426,5675.602368195211,17763.652966379643,7798.4375,3968.0117572014597,11628.86324279854
272,11204.72393784412,5412.147077317501,16997.300798370743,7810.25,3997.5660290288943,11622.933970971106
273,13587.015295029183,9162.119619519168,18011.910970539197,8918.4375,6127.734654641192,11709.140345358808
274,10872.409423574107,5183.370817604632,16561.448029543582,7502.875,3753.047722727752,11252.702277272248
275,12634.721263745323,7090.810885747501,18178.631641743144,8327.5,4842.97426110812,11812.02573889188
276,9992.003285493689,3179.0725767821414,16804.933994205236,6648.3125,2313.7453255471974,10982.879674452803
277,11867.443598809841,6244.3349333356755,17490.552264284008,7982.4375,4447.942752360141,11516.93224763986
278,9382.28614970178,2570.165901864085,16194.406397539475,6244.9375,1947.1239793137256,10542.751020686275
279,9067.026953801096,2078.6453029817367,16055.408604620456,6117.0,1627.1835505223598,10606.81644947764
280,10239.449228516602,3937.103660310954,16541.79479672225,6721.5625,2668.0322797976455,10775.092720202354
281,14824.906533965252,12565.48609968308,17084.326968247424,9467.125,8054.45789152221,10879.79210847779
282,9099.011084180069,2464.6343086677734,15733.387859692364,6216.6875,1757.677019540939,10675.697980459061
283,10130.550251393608,3461.1066009905953,16799.99390179662,6698.4375,2399.049622511653,10997.825377488347
284,9952.616096609963,2752.9622658388453,17152.26992738108,6469.5,1900.790649975641,11038.209350024359
285,9861.179803235744,2567.3587534243225,17155.000853047164,6459.125,1886.10459665879,11032.14540334121
286,10855.4944599875,4438.109651127958,17272.879268847042,7257.6875,3102.3736171695164,11413.001382830484
287,9451.697651173676,2496.0760118715198,16407.319290475833,6167.125,1802.962796967785,10531.287203032214
288,11235.591706231953,5110.531094672873,17360.652317791035,7436.0,3501.2625405244635,11370.737459475537
289,9837.50903968207,3677.593119477394,15997.424959886746,6604.8125,2595.1806400477985,10614.444359952202
290,11142.93180561137,4442.074569472458,17843.789041750282,7192.125,3008.2009466291693,11376.04905337083
291,14573.635626873562,10951.997218885768,18195.274034861355,9415.8125,7153.264041437455,11678.360958562545
292,14439.253255731845,10909.737021365645,17968.769490098042,9456.5625,7351.838112795407,11561.286887204593
293,11245.104529070839,4400.035697467659,18090.17336067402,7193.3125,2973.423450529179,11413.201549470821
294,12588.194212924944,6646.589297733339,18529.79912811655,7941.1875,4343.699379471491,11538.67562052851
295,10097.89385403916,3238.805693877809,16956.98201420051,6635.8125,2251.1006619947075,11020.524338005293
296,11037.50891669936,4366.945913318916,17708.071920079805,7197.0625,3018.761776788021,11375.363223211978
297,12823.277656920378,7189.489878366704,18457.06543547405,8297.875,4752.714409931477,11843.035590068523
298,11270.546668448103,4427.654143225457,18113.43919367075,7157.5625,2928.5946299288935,11386.530370071107
299,10465.622377936244,3903.327924591488,17027.916831281,6875.0625,2734.609090819581,11015.51590918042
300,9077.86891342041,1994.2059823737272,16161.531844467094,6009.0,1472.8503662246767,10545.149633775323
301,12158.25862531949,6187.289349711467,18129.22790092751,7847.0,4083.452587650848,11610.547412349151
302,13498.705107874759,8322.550743210031,18674.859472539487,8559.125,5523.1537205945115,11595.096279405489
303,5923.304049219449,-778.7590066669673,12625.367105105865,3907.1875,-329.6800814030048,8144.055081403005
304,12704.954789845251,7391.086410981211,18018.823168709292,8218.75,4969.858814149049,11467.641185850951
305,10918.065401564325,4171.026879596892,17665.10392353176,6925.0625,2849.175564792676,11000.949435207323
306,11621.108411462003,5474.988167398754,17767.22865552525,7497.5,3644.6401693028074,11350.359830697193
307,5754.843292813874,-675.6779436785037,12185.364529306251,3721.3125,-170.173378150369,7612.798378150369
308,8995.190244076925,1756.6753117586113,16233.705176395237,5690.5625,1338.2336410908129,10042.891358909186
309,9921.75199101851,3611.662344864946,16231.841637172072,6427.875,2613.949727478919,10241.80027252108
310,8499.123751412266,1257.202914618707,15741.044588205825,5561.5,940.8805339543487,10182.119466045651
311,8622.808092427891,1080.37315221074,16165.243032645041,5490.375,937.6884322276255,10043.061567772374
312,11105.98249374781,4622.075036353811,17589.88995114181,6982.0,3075.3223514090646,10888.677648590936
313,8088.437042310408,860.7072912813264,15316.16679333949,5097.1875,692.2847737932398,9502.090226206761
314,10408.925085563327,3364.9323074670738,17452.917863659583,6645.125,2256.478698533567,11033.771301466433
315,10589.044130023205,4118.653437322447,17059.434822723964,6783.5,2746.7330696459576,10820.266930354042
316,8111.831396305266,1440.8247713368319,14782.8380212737,5446.3125,1284.1772949827782,9608.44770501722
317,9196.698140392476,1945.3252175684875,16448.071063216466,5824.625,1423.8851208007081,10225.364879199293
318,10410.746649501016,3092.5077945264247,17728.985504475608,6577.0,2119.014622612586,11034.985377387413
319,9207.798861330763,2149.8921663487436,16265.705556312781,5969.5625,1598.0300174381064,10341.094982561894
320,4057.648394493542,-2023.2096040971314,10138.506393084215,2707.0,-1063.4814845056594,6477.481484505659
321,10645.850161464408,3785.839726070747,17505.86059685807,6795.375,2584.1114296003743,11006.638570399626
322,6365.172036723767,-523.1682366432151,13253.512310090748,4087.8125,-107.13239264683307,8282.757392646832
323,11175.915853523937,4626.883351168935,17724.948355878936,7155.5,3187.4630483071355,11123.536951692864
324,8325.666396108674,1768.094352185959,14883.23844003139,5486.0625,1342.706742453498,9629.418257546502
325,5127.495230691744,-1172.0232832172715,11427.01374460076,3389.5625,-495.98953556634297,7275.114535566343
326,9051.73876174169,2131.597779570676,15971.879743912705,5910.6875,1714.8028537253022,10106.572146274699
327,11296.196787740959,4439.47535749661,18152.91821798531,7195.375,2991.680153870586,11399.069846129414
328,8215.603640174315,825.924434912823,15605.282845435806,5205.5,756.1789422429856,9654.821057757013
329,8430.99393506872,1585.8755024412148,15276.112367696225,5348.125,1117.733427181356,9578.516572818644
330,11084.354122829916,4853.045893866829,17315.662351793006,7195.0625,3521.1103284830992,10869.014671516901
331,9363.19783100798,1976.5826557395176,16749.81300627644,6030.5,1492.153646425826,10568.846353574174
332,8096.506890927265,687.1652749477262,15505.848506906805,5102.75,615.6958229814072,9589.804177018592
333,9711.467426049741,3198.7500539436187,16224.184798155864,6289.0,2280.629679657829,10297.370320342172
334,10619.260841382686,4168.186603098977,17070.335079666394,6822.0,3018.9729655181254,10625.027034481875
335,9759.324086345578,2580.563877103378,16938.084295587778,6155.5,1765.4857631210352,10545.514236878964
336,10282.282574257208,3383.316895453676,17181.248253060738,6500.0,2249.4929126044262,10750.507087395574
337,11299.017057263545,4422.771652288825,18175.262462238265,7178.5,2945.9459985724934,11411.054001427507
338,10089.70173671105,3189.8443782524046,16989.559095169694,6542.125,2347.010134543394,10737.239865456606
339,8899.511929365073,1697.0224974512084,16102.001361278937,5705.5,1338.4659664710653,10072.534033528935
340,11614.544168407549,4881.652652111376,18347.43568470372,7247.6875,3170.626445779233,11324.748554220767
341,10192.810929044215,2681.1790244210724,17704.44283366736,6425.3125,1801.067605982843,11049.557394017156
342,7572.698203339515,-211.59712100735578,15356.993527686387,4724.0625,42.06010427295951,9406.06489572704
343,11858.018821944304,5392.681442111542,18323.356201777067,7436.75,3445.294947328105,11428.205052671896
344,8608.932196080339,1667.5460861162628,15550.318306044415,5487.0,1285.8395799493683,9688.160420050632
345,13485.722842911999,8018.687169031828,18952.75851679217,8460.5,5205.495526116746,11715.504473883255
346,11199.861916475615,3970.5335126650016,18429.190320286227,7021.625,2599.812265456055,11443.437734543946
347,9902.484679240462,3519.4889500599356,16285.48040842099,6077.75,2311.6732034516344,9843.826796548365
348,13547.189301057628,8484.604989364812,18609.773612750443,8603.875,5663.137148817919,11544.61285118208
349,9219.58667912726,2630.283589829156,15808.889768425364,5902.625,1816.8825816168978,9988.367418383103
350,11382.700538525234,5228.426213532236,17536.974863518233,7266.75,3540.8020082132116,10992.697991786788
351,12350.029180992964,6364.130019394394,18335.928342591535,7735.25,4102.738601187878,11367.761398812123
352,12618.1679620452,6958.878077613696,18277.457846476704,8061.8125,4644.727133442157,11478.897866557843
353,11048.172288523843,4229.198896652037,17867.14568039565,6900.375,2831.74912823752,10969.00087176248
354,9367.293430489197,2527.4928779351767,16207.093983043218,6083.4375,1858.570194853748,10308.304805146252
355,13696.942449630827,8347.851083244008,19046.033816017647,8533.9375,5445.113563840196,11622.761436159804
356,8548.0567078192,1904.145783409157,15191.967632229243,5559.375,1493.0458987865973,9625.704101213403
357,9357.502546473988,2542.006615205216,16172.99847774276,5993.375,1883.623990586534,10103.126009413467
358,8976.139597276924,2602.903613882786,15349.375580671061,5791.625,1911.2170981970207,9672.032901802979
359,10218.060203303283,3093.270418110964,17342.849988495604,6607.6875,2191.5149954612843,11023.860004538716
360,11414.1362716061,4388.714929572925,18439.557613639274,7147.0,2899.4303860913587,11394.569613908641
361,8794.352226769646,2383.1813409219494,15205.523112617342,5731.5625,1821.860481802993,9641.264518197007
362,6407.56329915391,584.5982711397119,12230.528327168107,4257.375,678.4094044158514,7836.340595584148
363,9373.902409392518,2845.0137996460317,15902.791019139004,6077.375,2180.673159420585,9974.076840579415
364,10054.505613601292,4350.358901333262,15758.652325869321,6595.25,2914.285783588762,10276.214216411237
365,11121.86655484344,4660.509491147599,17583.223618539283,6915.625,3034.6054033765818,10796.644596623419
366,11822.208063678543,6983.399001445921,16661.017125911167,7683.375,4765.143539101979,10601.606460898021
367,10609.021818811165,3677.543807569845,17540.499830052486,6769.75,2559.8966697163905,10979.60333028361
368,11776.53292070551,5465.808790444369,18087.257050966648,7493.0625,3729.492328793709,11256.632671206291
369,10710.090291417473,3439.324381374404,17980.85620146054,6646.9375,2305.6646096378026,10988.210390362197
370,9656.526932120403,2754.2663481420595,16558.787516098746,6040.3125,1992.179524189577,10088.445475810422
371,9488.49271325555,2518.5305697445083,16458.45485676659,5947.0625,1826.9014068394727,10067.223593160528
372,13206.223254803062,7306.059067262675,19106.38744234345,8059.1875,4630.79944548462,11487.57555451538
373,10376.5198879365,3009.96836110039,17743.07141477261,6298.125,1955.3298189702755,10640.920181029724
374,12115.20695493402,6069.804060898429,18160.60984896961,7598.125,3978.3156321775728,11217.934367822427
375,9791.460238043215,2607.837448294599,16975.083027791832,6220.125,1846.8987613547824,10593.351238645217
376,13643.674093738477,8495.18097574644,18792.167211730513,8339.0,5267.313431516815,11410.686568483185
377,13878.326574862236,7838.141273943103,19918.51187578137,8355.1875,4894.490041055669,11815.88495894433
378,14035.326226062021,8229.0275680636,19841.624884060442,8388.75,5017.266378135584,11760.233621864416
379,12275.846220894979,6810.738929528858,17740.953512261098,7535.375,4318.462721218528,10752.287278781472
380,10928.95539788634,3994.610174307075,17863.300621465605,6777.5,2563.8270624074294,10991.172937592572
381,8962.299292383908,1156.5892701197881,16768.00931464803,5419.5,795.6882337188508,10043.31176628115
382,7699.814687801562,1243.4261585191734,14156.203217083952,4647.5625,943.4871435724676,8351.637856427533
383,12758.06843003447,5929.296474087229,19586.840385981708,7685.1875,3645.151667566858,11725.223332433143
384,10214.8894853943,3479.47479037192,16950.30418041668,6637.5625,2602.8016649449964,10672.323335055004
385,6717.0704425365275,585.6981648356477,12848.442720237406,4154.125,449.9462807188961,7858.303719281104
386,8200.211183200438,1496.6733254359697,14903.749040964905,5053.4375,1150.5291458243923,8956.345854175608
387,11076.570668308625,4874.177412847286,17278.963923769963,6941.5,3267.7557077281494,10615.244292271851
388,9280.165767386718,2790.913975301716,15769.41755947172,5792.9375,1910.5313120034698,9675.34368799653
389,9972.394197692423,2353.552506729301,17591.235888655545,6147.9375,1638.0417075682335,10657.833292431766
390,14681.593595991024,9567.144636205783,19796.042555776265,8884.3125,5930.839042383739,11837.785957616261
391,11386.920785310771,5059.408661075424,17714.432909546118,7142.625,3260.688210924861,11024.561789075138
392,14716.843615616333,9903.806030467105,19529.88120076556,8934.75,6106.83646923213,11762.66353076787
393,15347.935017750999,11698.978283498644,18996.891752003354,9352.0625,7313.638829956466,11390.486170043534
394,12467.715408153505,6171.455376956279,18763.975439350732,7552.9375,3861.1159904205147,11244.759009579486
395,13940.594772637614,8174.322961005307,19706.866584269923,8387.375,5007.1269529811125,11767.623047018888
396,10686.281344504394,3700.9816849501394,17671.581004058648,6559.3125,2598.198977283976,10520.426022716023
397,12420.514581119047,5531.8892547535315,19309.13990748456,7385.5,3515.792630572694,11255.207369427306
398,14894.027275708853,10236.016941587211,19552.037609830495,9002.5,6357.138044614689,11647.861955385311
399,14679.731724657291,10145.284570924803,19214.17887838978,8980.5625,6437.130321605273,11523.994678394727
400,14017.904933601581,9191.18109169003,18844.628775513134,8825.25,6058.3783120643275,11592.121687935673
401,12993.500856470691,7838.39735350851,18148.604359432873,7896.5,4889.26347787541,10903.73652212459
402,13819.557607671466,8386.814601365551,19252.30061397738,8338.1875,5329.161760272314,11347.213239727687
403,12017.106108007407,5524.685636677385,18509.526579337427,7441.75,3697.864126004907,11185.635873995092
404,15537.158751093226,12093.605835097978,18980.71166708847,9308.4375,7346.662507526666,11270.212492473334
405,14719.479314141898,9469.456444480278,19969.502183803517,8849.6875,5937.79699040941,11761.57800959059
406,12424.543997729845,5776.630204258304,19072.457791201385,7522.0625,3805.880731895303,11238.244268104696
407,12786.55828061387,7035.4113236168505,18537.70523761089,7780.1875,4553.594265279555,11006.780734720445
408,9578.104207875953,2630.6557534036265,16525.55266234828,5976.875,1992.4840980709487,9961.265901929051
409,14121.582937886333,9234.709455483191,19008.456420289476,8561.1875,5781.670787989844,11340.704212010156
410,14984.26393624472,10855.79497625566,19112.73289623378,9096.4375,6835.684224851703,11357.190775148298
411,12852.979987202023,7437.814547753479,18268.145426650568,8000.625,4851.776185055878,11149.473814944122
412,14760.650500710894,10850.674689011024,18670.626312410765,8815.75,6508.671260013001,11122.828739986999
413,13723.254338928115,7718.842907050184,19727.665770806045,8077.25,4668.483975101841,11486.01602489816
414,14236.932106592465,9459.8965192517,19013.967693933228,8349.5625,5778.195427586232,10920.929572413768
415,11132.284600925177,4269.747993995025,17994.82120785533,6871.125,2950.1255120664705,10792.12448793353
416,13572.557534166222,8795.01449065217,18350.100577680278,8168.8125,5524.203402733686,10813.421597266315
417,12653.712941912507,6534.252417141551,18773.173466683464,7671.375,3971.561358155995,11371.188641844004
418,14171.45477701422,8679.457314467942,19663.452239560498,8252.625,5137.057578265237,11368.192421734762
419,12931.771484976705,6828.0892437036255,19035.453726249783,7769.375,4433.818002379512,11104.931997620488
420,12724.747210178579,6795.567921721455,18653.9264986357,7713.25,4236.282059034769,11190.21794096523
421,15056.430399565437,10560.793449875497,19552.067349255376,9067.4375,6585.116308837633,11549.758691162366
422,13876.48376503992,8367.53528650885,19385.43224357099,8287.75,5266.239626445078,11309.260373554922
423,12704.712188800275,6645.509626138307,18763.914751462242,7847.875,4532.585365688241,11163.164634311759
424,13228.38666647214,7733.2991978082355,18723.474135136046,8078.0,4985.169318407488,11170.830681592512
425,14601.969972076942,10750.736750070948,18453.203194082937,8863.0,6657.4138250796,11068.5861749204
426,11413.499118222793,4619.105498226517,18207.89273821907,6823.25,2899.0126298221967,10747.487370177803
427,14633.275630415923,10235.110931443603,19031.440329388242,8957.0625,6414.766700217106,11499.358299782894
428,14326.26517366973,9547.07898261679,19105.45136472267,8805.5625,6258.207868015331,11352.917131984668
429,12542.135578772635,6393.524038668753,18690.74711887652,7431.25,3925.855933350717,10936.644066649284
430,12956.434453310412,6807.326717355817,19105.54218926501,7643.875,4171.573946033768,11116.176053966232
431,12723.822381239455,7273.166362309554,18174.478400169355,7622.0,4520.623470940685,10723.376529059315
432,13481.866987536967,7376.977121217138,19586.756853856794,8039.5,4637.287025331894,11441.712974668106
433,13630.434985327553,8178.533371602117,19082.33659905299,8496.875,5585.928442714037,11407.821557285963
434,13473.119499079796,8643.450986299611,18302.78801185998,8532.875,5794.339331184456,11271.410668815544
435,15692.093315202936,12015.215628523247,19368.971001882626,9285.8125,7247.033385592617,11324.591614407382
436,15623.114342722141,12234.92695154282,19011.301733901462,9306.0,7418.400333757181,11193.599666242819
437,17041.194863942135,16642.982309505816,17439.407418378454,10000.0,10000.0,10000.0
438,13743.48078090327,8368.088016182202,19118.873545624338,8392.9375,5485.565975135359,11300.30902486464
439,12256.35582550384,6958.2510287047035,17554.460622302977,7370.8125,4404.864522987633,10336.760477012367
440,14782.35914246341,10481.636118132781,19083.08216679404,9054.4375,6549.156603355124,11559.718396644876
441,13366.237781631353,7035.300537734813,19697.175025527893,7886.125,4237.2732135643,11534.9767864357
442,14764.28089439929,9306.354947033433,20222.206841765146,8705.3125,5569.3179265283325,11841.307073471668
443,15606.173164091444,12064.55128843445,19147.79503974844,9121.9375,7080.016392661681,11163.85860733832
444,15840.216460908712,11607.067411368742,20073.365510448682,9095.4375,6694.544750189265,11496.330249810735
445,15964.225869448695,11921.177543302065,20007.274195595324,9208.625,7055.659316489229,11361.59068351077
446,10874.177767777473,4587.090223322082,17161.265312232863,6476.0625,2838.178680580563,10113.946319419436
447,15415.701418655552,10676.109379128586,20155.293458182517,8857.8125,6253.150088603132,11462.474911396868
448,15724.125410091252,11683.597350878548,19764.653469303958,9134.75,6842.991954852127,11426.508045147873
449,12709.696494514868,6296.775096328775,19122.61789270096,7585.625,3949.5748443537664,11221.675155646233
450,14368.295966812422,8349.133649307052,20387.458284317792,8426.75,5139.966266241419,11713.53373375858
451,12968.610748452596,7415.988041244143,18521.23345566105,7499.375,4429.079353099689,10569.670646900311
452,14610.978513479607,8361.139557271123,20860.817469688092,8365.5,4942.287966689764,11788.712033310236
453,10124.385112907252,2902.3107115818702,17346.459514232633,6018.4375,1962.9574888183706,10073.91751118163
454,14622.27281152586,9620.533764851447,19624.011858200272,8642.125,5813.719113396205,11470.530886603796
455,16479.70209881213,12752.223899745073,20207.180297879186,9473.0625,7432.242338007829,11513.882661992171
456,15000.995750941345,10991.114856012155,19010.876645870536,9303.8125,7304.033755402551,11303.59124459745
457,13512.555626962047,7214.17656591644,19810.934688007652,7790.8125,4335.962246031856,11245.662753968143
458,17147.995103735826,16124.245244685357,18171.744962786295,10000.0,10000.0,10000.0
459,14480.449441534716,8751.260512929632,20209.6383701398,8487.5,5275.511110697922,11699.488889302078
460,12775.853627803479,6293.442937780129,19258.26431782683,7243.375,3719.834222688774,10766.915777311226
461,11592.180255149018,5156.402710365859,18027.957799932177,7133.6875,3276.7267191722053,10990.648280827794
462,13475.443972278445,7537.906683122276,19412.981261434612,7803.125,4482.661649897337,11123.588350102662
463,14574.428482805914,9244.937537582624,19903.919428029203,8594.3125,5586.580781604267,11602.044218395733
464,15434.614384037697,10955.112389035565,19914.116379039828,8960.3125,6444.921483707752,11475.703516292248
465,16976.65728427082,15273.850604001447,18679.46396454019,9897.0,9498.082715340635,10295.917284659365
466,13533.665047908693,7273.402367623628,19793.927728193758,7712.0,4285.775784482283,11138.224215517717
467,12183.741233427612,5033.4577170606535,19334.02474979457,7064.8125,3108.4700252711314,11021.154974728868
468,14475.709681961542,8709.460310350021,20241.95905357306,8290.9375,5106.359987425726,11475.515012574273
469,16513.693866871694,13303.07571083777,19724.31202290562,9325.8125,7693.260271939976,10958.364728060023
470,16038.207006087752,11817.796569902916,20258.61744227259,9146.25,6826.492563865782,11466.007436134218
471,17585.883051594385,16843.431235739325,18328.334867449445,10000.0,10000.0,10000.0
472,17173.609297077644,16456.931739559568,17890.28685459572,10000.0,10000.0,10000.0
473,16708.68571716484,12568.580313048658,20848.79112128102,9399.375,7161.936540650782,11636.813459349218
474,14915.298610684866,9720.35260303596,20110.24461833377,8621.8125,5880.050310760432,11363.57468923957
475,14447.13137486008,9718.73872752041,19175.524022199752,8248.25,5626.596359165651,10869.903640834349
476,15936.031230004886,11860.58711532093,20011.475344688843,9172.75,6950.628842749567,11394.871157250433
477,16998.55274335838,12826.497396171471,21170.60809054529,9323.1875,7091.209643402011,11555.165356597989
478,11990.87380710784,6171.484746788772,17810.262867426907,7104.5,3910.143922478272,10298.856077521728
479,16285.283535718827,12601.837550510769,19968.729520926885,9388.1875,7602.956975013451,11173.41802498655
480,15816.860828013374,11131.60170477326,20502.119951253488,8975.875,6394.361081893998,11557.388918106002
481,15786.890727862392,10888.11807535759,20685.663380367194,9006.75,6342.072357676261,11671.427642323739
482,14091.702060375737,7992.890038790188,20190.514081961286,7912.0,4575.788956765475,11248.211043234525
483,14561.422582953888,8561.608072449311,20561.237093458465,8212.625,5066.370681866292,11358.879318133708
484,13388.26763495327,7005.7821338553695,19770.75313605117,7430.1875,3982.4464420979207,10877.92855790208
485,16416.598496036204,12674.315495971314,20158.881496101094,9369.6875,7509.0266725401025,11230.348327459897
486,10978.355832735244,3896.0312810695914,18060.680384400897,6113.5625,2301.0030419595423,9926.121958040458
487,15320.800270687563,9435.43193048886,21206.168610886267,8555.6875,5413.094587317266,11698.280412682734
488,15576.534384260312,10383.759162246462,20769.30960627416,8799.8125,6017.32076104663,11582.30423895337
489,13514.283340953158,7969.125745818525,19059.44093608779,8036.75,5082.117355744542,10991.382644255458
490,16364.634218100062,12576.012914088611,20153.255522111514,9436.375,7451.301579600895,11421.448420399105
491,15827.274586572621,11083.412916792682,20571.13625635256,8838.0625,6229.225966486689,11446.899033513311
492,14818.417200552532,9426.319107918265,20210.5152931868,8458.0,5623.586326063184,11292.413673936815
493,11903.540579036435,4113.674274827954,19693.406883244916,6807.25,2658.356841879391,10956.143158120609
494,12006.26734613834,5044.603740035287,18967.930952241393,7063.125,3225.0620140167057,10901.187985983295
495,12165.207306635588,5358.8145067085,18971.600106562677,7527.4375,3844.9705115405313,11209.90448845947
496,12807.515796846443,5878.383240918776,19736.648352774107,7330.5,3685.2740639296444,10975.725936070356
497,13182.555504155534,6857.489749020472,19507.621259290598,7972.25,4488.4697166727055,11456.030283327294
498,14694.62435346439,10086.07525307203,19303.173453856754,8790.75,6531.391365896065,11050.108634103935
499,13830.077466878865,6760.649986904879,20899.504946852852,7695.875,3890.8445159729667,11500.905484027033
500,14491.101218705848,7960.225222493791,21021.977214917904,8014.625,4534.925482171629,11494.324517828372
501,15360.741645933778,9362.18348736905,21359.299804498507,8502.125,5268.648100534812,11735.601899465188
502,13898.641917346931,7196.944925697158,20600.338908996702,7700.875,4219.605783266683,11182.144216733317
503,11867.525512539623,5074.474718386801,18660.576306692445,6692.8125,3100.1273930996263,10285.497606900373
504,10087.751326318945,3163.958273542449,17011.54437909544,5577.6875,1911.137491498309,9244.23750850169
505,13042.088193582855,6752.559826274298,19331.616560891413,7187.6875,3814.526839752144,10560.848160247857
506,14424.012739311504,7750.024177976299,21098.00130064671,7976.25,4455.060312905594,11497.439687094406
507,11212.962095730116,3439.7153668451692,18986.208824615063,6260.25,2143.8944744774535,10376.605525522547
508,12820.865664024455,5500.522351862424,20141.208976186485,7078.4375,3201.673821221817,10955.201178778183
509,9107.951131024047,2110.1296494804783,16105.772612567616,5346.3125,1568.63219790405,9123.99280209595
510,13484.958227242947,6399.502739869668,20570.413714616225,7539.4375,3842.2828006272853,11236.592199372715
511,13738.848914923237,6966.261636238394,20511.436193608082,7747.5625,4095.8087780064493,11399.316221993551
512,12566.410642749666,5881.4833682019,19251.33791729743,7056.5625,3486.979856875772,10626.145143124228
513,14435.420666649024,8320.931917969016,20549.909415329035,8194.8125,4976.085321076047,11413.539678923953
514,13408.313161950511,6970.38590588137,19846.240418019654,7537.875,4132.264264115025,10943.485735884975
515,13660.087414036785,7517.931210010698,19802.243618062872,7586.125,4350.277760191699,10821.972239808301
516,13108.074930956129,6980.672571919602,19235.477289992654,7324.625,4155.583211166189,10493.66678883381
517,12873.196642763494,6880.492541858513,18865.900743668477,7026.5625,3817.900240413655,10235.224759586345
518,11385.384715190099,4484.8844316439545,18285.884998736245,6272.875,2623.5436078988387,9922.206392101161
519,13375.132401527146,7034.901435480449,19715.363367573842,7426.0625,4082.947906751101,10769.177093248898
520,13270.89528847241,6607.427021658733,19934.363555286087,7354.4375,3835.5402301022627,10873.334769897738
521,11876.213237216976,4450.844501495131,19301.58197293882,6560.25,2582.6297708303023,10537.870229169697
522,16659.16630388205,12410.299992034335,20908.032615729768,9234.625,7003.836269668282,11465.413730331718
523,15033.56473211735,8489.126170909494,21578.003293325204,8138.5,4726.018168546534,11550.981831453466
524,11654.762414639317,4381.934268893382,18927.59056038525,6564.1875,2641.650466733934,10486.724533266066
525,10432.090045895766,2981.3820058636675,17882.798085927865,5697.1875,1813.8994888754387,9580.475511124561
526,11566.560796764817,4315.412222622604,18817.709370907032,6405.25,2573.23298053101,10237.267019468989
527,16017.456371769284,10923.95302047842,21110.959723060147,8762.5,6101.457135820619,11423.54286417938
528,16449.52514468659,11410.404930587323,21488.64535878586,9028.9375,6452.936154194111,11604.93884580589
529,11496.566694962383,4532.511287931315,18460.622101993453,6228.9375,2600.9213846011517,9856.953615398848
530,11097.5625882836,3805.3820254821803,18389.74315108502,6148.5,2385.869420870553,9911.130579129447
531,15299.717747902683,9019.440530880873,21579.994964924495,8205.1875,5063.891306174313,11346.483693825687
532,15946.338634651347,10730.409751999883,21162.26751730281,8597.375,5973.688784124519,11221.061215875481
533,12125.692662857233,5004.199702471517,19247.18562324295,6537.8125,2925.696409348462,10149.928590651538
534,11073.956728394649,3744.981234770812,18402.932222018484,6017.9375,2199.9217445854483,9835.953255414552
535,17310.094558963887,13161.112357057616,21459.076760870157,9238.3125,7119.643999539451,11356.98100046055
536,16917.36124278193,13019.707688188188,20815.014797375676,9112.9375,7064.505432882872,11161.369567117128
537,11470.56104667357,3230.4574207821024,19710.66467256504,6227.0,1897.9078318889997,10556.092168111001
538,15677.249434922476,9894.228854730227,21460.270015114726,8490.3125,5525.980245538002,11454.644754461999
539,15104.68749485257,8413.56454376346,21795.81044594168,8142.5625,4719.301810818741,11565.82318918126
540,18719.516644396623,18029.07478339007,19409.958505403174,10000.0,10000.0,10000.0
541,18010.764287194957,14243.808245690761,21777.720328699153,9512.875,7626.247987478712,11399.502012521289
542,15001.82905100786,8119.2586276574775,21884.399474358244,7973.5,4410.533311269946,11536.466688730054
543,15498.283445052606,9445.067142737038,21551.499747368172,8381.5625,5272.255041562712,11490.869958437288
544,10917.902432067316,2585.338971443847,19250.465892690787,5813.25,1567.7957913787368,10058.704208621264
545,16816.851023094976,11775.83386007747,21857.868186112482,8877.1875,6322.871588186477,11431.503411813523
546,16748.46776848491,10446.354864163444,23050.580672806373,8768.6875,5510.940718888283,12026.434281111717
547,13371.760133760998,5632.514510030651,21111.005757491344,7042.6875,3118.5150439471636,10966.859956052836
548,16655.298351916743,10942.211774396148,22368.384929437336,8718.875,5812.661121192214,11625.088878807786
549,16113.058808165635,9581.887556244257,22644.230060087015,8427.0,5149.818665377212,11704.181334622788
550,16134.599920647905,10704.183829728954,21565.016011566855,8524.6875,5721.414486209915,11327.960513790085
551,13651.200447402338,6467.2223741280895,20835.178520676585,7141.875,3541.7034958387053,10742.046504161295
552,14059.555061631952,6116.717538085538,22002.392585178368,7309.1875,3253.1767409728805,11365.19825902712
553,11930.593849151735,3683.9960126749884,20177.19168562848,6261.1875,2080.4397316762816,10441.93526832372
554,11493.59691786406,2906.870230871433,20080.32360485669,6083.5,1666.1456305838446,10500.854369416156
555,12798.263548738621,4308.876029335257,21287.651068141986,6699.0,2398.6313094107845,10999.368690589215
556,10747.459807125553,2404.2414506562727,19090.678163594835,5656.1875,1389.942851325507,9922.432148674492
557,13728.672706893945,6193.651120919526,21263.694292868364,7237.375,3429.0985710396494,11045.651428960351
558,13806.110485824527,6564.119452748152,21048.1015189009,7248.3125,3573.7429551629793,10922.88204483702
559,17231.030315543685,11683.012983719193,22779.047647368177,8950.6875,6168.3984981449175,11732.976501855082
560,11267.278718845719,3603.0141994177766,18931.54323827366,5933.8125,2061.1630319557066,9806.461968044294
561,10319.976302349845,1289.5884867624845,19350.364117937206,5432.375,800.5507660318108,10064.19923396819
562,17208.970108587586,11613.277287442412,22804.66292973276,8944.0625,6148.308476736553,11739.816523263447
563,15397.727285552563,8317.83725486964,22477.617316235483,7985.625,4380.46443015363,11590.78556984637
564,10983.479556781755,3034.646891364092,18932.312222199416,5874.0,1871.746868949941,9876.25313105006
565,17042.440846994534,11142.888707257564,22941.992986731504,8872.9375,5876.519441118071,11869.355558881929
566,8983.264336451783,679.674569539633,17286.854103363934,4783.625,543.1248544540767,9024.125145545924
567,9230.495115616946,988.2720420278238,17472.71818920607,4938.125,821.3457085665859,9054.904291433413
568,12247.602233844853,3949.016111773628,20546.188355916078,6448.25,2289.1634792000295,10607.33652079997
569,8770.604626184278,802.3351242690424,16738.874128099516,4721.0,596.9445930007196,8845.05540699928
570,9935.706411319145,1524.7024564191415,18346.710366219148,5299.1875,943.1291725273577,9655.245827472641
571,13819.081412096457,6842.71107524107,20795.451748951844,7285.4375,3796.7168539617205,10774.15814603828
572,14364.11903886513,7499.957282930691,21228.280794799568,7508.1875,4033.974473666734,10982.400526333266
573,12178.793307656559,4659.268080076638,19698.318535236478,6426.625,2664.678497938202,10188.571502061797
574,14335.186039784074,6976.224927674534,21694.147151893612,7572.75,3869.044009711354,11276.455990288647
575,9229.576369450424,795.5916903531088,17663.561048547737,4909.3125,661.9522209744791,9156.67277902552
576,12621.61478512092,4645.560326727029,20597.669243514814,6618.5,2615.3624961163273,10621.637503883672
577,8224.92676777051,643.8168488336514,15806.036686707368,4535.4375,625.1841838970968,8445.690816102902
578,9785.521790412582,1837.7903395121712,17733.253241312992,5219.5,1243.5535875090068,9195.446412490994
579,13452.392903603528,6011.5588518000395,20893.226955407015,7146.375,3424.408922189107,10868.341077810892
580,10635.85988965127,2918.607346639078,18353.112432663464,5774.375,1863.4291764970712,9685.320823502929
581,11877.417328357365,4318.3609819554995,19436.473674759232,6380.6875,2538.2841388412903,10223.09086115871
582,10929.95217174001,3254.0098164453575,18605.89452703466,5984.0625,2024.3667972226071,9943.758202777393
583,11110.273665901033,3196.7313226594497,19023.816009142618,6006.9375,1980.8983566739257,10032.976643326074
584,11486.366535907255,3730.1334041681803,19242.59966764633,6207.3125,2246.78248940246,10167.84251059754
585,15432.143327153692,8872.501985646477,21991.784668660905,8164.125,4828.474334931039,11499.77566506896
586,15388.703948578124,8596.621527195106,22180.78636996114,8148.6875,4695.716700841143,11601.658299158857
587,14393.901879431512,9145.47631970263,19642.327439160395,7668.4375,5143.563667291967,10193.311332708032
588,14761.395328336494,8786.833349053752,20735.957307619236,7909.5625,4876.157174117264,10942.967825882737
589,13801.162994961316,7703.813884835311,19898.51210508732,7594.9375,4332.879839014568,10856.995160985432
590,13429.04612894457,6221.058810594553,20637.033447294587,7305.8125,3492.4025230444995,11119.2224769555
591,14186.713189353726,6237.037242722591,22136.38913598486,7548.9375,3414.5132282792383,11683.361771720762
592,16426.28382451315,11152.562950283402,21700.004698742898,8733.8125,6078.503284984967,11389.121715015033
593,14318.218697379612,7366.637159181337,21269.800235577888,7564.8125,4074.3936458588882,11055.231354141111
594,14099.607261905308,7155.872149202522,21043.342374608095,7521.9375,3999.129148188373,11044.745851811627
595,6857.168932127024,-32.221516299119685,13746.559380553168,4137.625,125.8469360519207,8149.403063948079
596,12185.181930814815,3662.455140610524,20707.908721019106,6581.75,2157.3199307707437,11006.180069229256
597,16770.97105040501,12196.827247990514,21345.114852819504,9158.6875,6757.912085713243,11559.462914286756
598,17309.61582058687,13340.816533777524,21278.415107396217,9319.125,7405.152564363843,11233.097435636157
599,16918.09744026303,11847.812921748058,21988.381958778,9005.4375,6480.313444415056,11530.561555584944
600,14370.176857116512,7885.805955100687,20854.547759132336,7967.1875,4443.767743947118,11490.607256052881
601,17013.966393164552,12461.919677532816,21566.013108796287,8974.9375,6709.723065648641,11240.15193435136
602,15177.090441020791,9688.414572756032,20665.76630928555,8016.9375,5234.652479806391,10799.222520193609
603,16744.977606867847,13723.499235176663,19766.45597855903,9421.4375,7874.863222413001,10968.011777587
604,14354.085156821911,8634.287204840268,20073.883108803555,8472.9375,5207.411595403047,11738.463404596954
605,18354.02624713003,16403.349637203555,20304.702857056505,9791.0,8981.54648064265,10600.45351935735
606,15670.18082838253,10178.340065108097,21162.021591656965,8648.4375,5722.139946589932,11574.735053410068
607,18426.04178853792,16410.294605709125,20441.788971366717,9769.25,8875.559092862639,10662.940907137361
608,15832.798299488166,10214.730982388057,21450.865616588275,8887.875,5926.4408694856975,11849.309130514303
609,12499.149689495236,4328.788236884315,20669.51114210616,6728.875,2449.0118030771127,11008.738196922888
610,14721.276126937315,8717.002998942839,20725.549254931793,8140.625,4971.426523354052,11309.823476645948
611,14636.236292330406,7498.021175061306,21774.451409599507,8155.1875,4314.903831786967,11995.471168213033
612,15844.710404154754,10479.061168836186,21210.35963947332,8941.5,6099.0918880287445,11783.908111971255
613,17863.155637896416,15416.916675512854,20309.39460027998,9688.4375,8653.171895870437,10723.703104129563
614,17620.106025600486,13401.393276856355,21838.818774344618,9466.5625,7400.567946257481,11532.55705374252
615,15839.6667414734,9705.253282011807,21974.080200934994,8770.625,5518.003790210118,12023.246209789882
616,15877.189769919394,10933.090144795464,20821.289395043324,9039.625,6387.040320036889,11692.20967996311
617,14199.256429950148,6190.011988501944,22208.50087139835,7615.0625,3480.824972523652,11749.300027476347
618,17342.151552473184,12667.176072962906,22017.127031983462,9384.9375,7002.810680623301,11767.0643193767
619,12481.17873820993,4058.0065844701294,20904.350891949733,6814.625,2312.5064032308082,11316.743596769193
620,12902.24242099205,5309.906676147745,20494.578165836356,6930.1875,2994.613951920413,10865.761048079587
621,11618.395861683075,3910.8575115891026,19325.934211777047,6552.75,2490.535140776032,10614.964859223968
622,14485.185346738424,7271.6877608621835,21698.682932614665,7869.25,4152.781472957156,11585.718527042844
623,15959.378293361016,9272.8030061727,22645.953580549332,8395.5,5032.516614670836,11758.483385329164
624,15493.832911495709,8901.61726907735,22086.048553914068,8426.3125,5032.8539633675355,11819.771036632465
625,13341.531385263825,5617.512553439857,21065.55021708779,7338.9375,3292.087560405779,11385.78743959422
626,13312.323132814705,5317.784118759101,21306.86214687031,6985.3125,3033.511158859007,10937.113841140992
627,15825.421957226834,10116.738075635556,21534.10583881811,8675.375,5857.951135123612,11492.798864876388
628,16283.420962470089,10226.840568049993,22340.001356890185,8585.4375,5613.539622196365,11557.335377803636
629,13419.728521194294,6387.701171619095,20451.755870769495,7645.25,3838.1300501560236,11452.369949843976
630,15087.594095751698,8447.093548219404,21728.094643283992,8117.0625,4725.900227475468,11508.224772524532
631,11522.723895592564,2613.3561091474457,20432.09168203768,6036.1875,1517.3301884284392,10555.04481157156
632,12981.972236744241,4618.494717088968,21345.449756399514,6786.8125,2632.548813455325,10941.076186544675
633,11293.449011015233,2019.9824534981672,20566.9155685323,5863.6875,1157.206559866093,10570.168440133908
634,13718.026902392197,6329.053097082879,21107.000707701518,7705.5625,3725.816371652898,11685.308628347102
635,12706.700064106855,3984.182991167083,21429.217137046628,6613.875,2235.5849959716006,10992.1650040284
636,14428.321845803275,6721.729429634151,22134.9142619724,7707.0625,3730.435734311051,11683.689265688949
637,14408.62358005213,6474.780678226306,22342.466481877953,7520.5625,3505.9032216684313,11535.221778331568
638,14344.120653419115,6288.448592222829,22399.792714615403,7403.3125,3306.856734360177,11499.768265639823
639,14659.158765082564,7176.269828314915,22142.047701850213,7809.875,3983.6266926661697,11636.12330733383
640,15400.17251069439,8210.27580149081,22590.06921989797,7974.25,4373.632578987321,11574.86742101268
641,12418.841600502295,3262.047819591129,21575.635381413464,6401.3125,1747.1255044180916,11055.49949558191
642,12865.101969583127,4309.785821927675,21420.41811723858,6693.9375,2397.5674119380146,10990.307588061985
643,17037.50773834119,11234.468614924943,22840.54686175744,8907.9375,5993.374186466779,11822.500813533221
644,14842.916688301357,7739.711442113696,21946.12193448902,7952.25,4342.179302977572,11562.320697022427
645,17084.775163658316,11596.326031436904,22573.22429587973,8921.5,6227.435737589023,11615.564262410977
646,12224.799804896862,3303.3958581647603,21146.203751628964,6446.5,1850.424962535968,11042.575037464032
647,10643.849253865232,1765.2421297260207,19522.45637800444,5585.375,1124.7881429401577,10045.961857059843
648,13460.82501317365,6075.681213634935,20845.968812712363,7370.0625,3512.7317929444393,11227.39320705556
649,12581.097923616162,4127.590598028699,21034.605249203625,6679.25,2365.337209678434,10993.162790321567
650,12006.581523949393,3385.0601181711227,20628.102929727662,6281.4375,1975.1669562355064,10587.708043764495
651,11249.619072733441,2272.939116964106,20226.299028502777,5950.5625,1332.3644752187165,10568.760524781283
652,14667.238533350635,6833.447554598933,22501.029512102337,7699.875,3684.120480687969,11715.629519312031
653,13331.781551202552,5535.051702256951,21128.511400148152,7116.75,3202.533994527129,11030.96600547287
654,13576.939780751612,5624.054531045874,21529.825030457352,7278.375,3178.7895807929553,11377.960419207044
655,11851.60454645484,3251.480580499554,20451.728512410125,6215.0625,1900.6039089837705,10529.52109101623
656,14884.946400927154,7000.745214633416,22769.14758722089,7705.1875,3725.9222534571472,11684.452746542853
657,12554.629674394764,4658.794298871455,20450.46504991807,6764.4375,2752.5001879157558,10776.374812084245
658,15422.131792408098,8434.212517119828,22410.051067696368,8016.875,4575.6792253636595,11458.07077463634
659,12927.426370616668,4454.12952554287,21400.723215690465,6722.875,2471.9554542575734,10973.794545742427
660,12623.601785570223,3791.298129674842,21455.905441465606,6555.125,2099.852142545027,11010.397857454973
661,13877.270716840358,5948.258551807892,21806.282881872823,7305.25,3299.76737458518,11310.732625414821
662,15688.35863833194,8963.27967583419,22413.43760082969,8173.8125,4817.064087869036,11530.560912130964
663,17211.177451794585,11259.466108815337,23162.888794773833,8867.5625,5871.289211213787,11863.835788786213
664,10181.437562018731,1833.1242236302533,18529.75090040721,5364.0,1165.7192953543472,9562.280704645653
665,13241.432702714566,5120.82960625854,21362.035799170593,6904.0625,2849.0709545595228,10959.054045440476
666,18191.412774146847,13564.529819432246,22818.29572886145,9388.3125,7019.256999416751,11757.36800058325
667,15624.974550830473,8961.82585093642,22288.123250724526,8122.5,4845.074123645205,11399.925876354795
668,9234.479995563237,1602.8345030110568,16866.125488115416,5021.25,1205.3800549547027,8837.119945045297
669,14215.457992964266,6398.116759759311,22032.79922616922,7418.0,3550.196941414933,11285.803058585067
670,14749.475889332334,6937.66775609177,22561.284022572898,7714.1875,3754.653543542024,11673.721456457975
671,12724.614109760929,4157.643468711925,21291.584750809932,6665.375,2338.8086236023146,10991.941376397685
672,12990.943400094107,4773.116885880951,21208.769914307264,6857.6875,2671.8869535281847,11043.488046471815
673,17175.102654423754,11110.52294087124,23239.682367976267,8842.0625,5773.321299019743,11910.803700980257
674,13791.19169239048,5448.376316445594,22134.007068335362,7164.625,2953.344570086195,11375.905429913804
675,14564.334146129415,6343.3525493400975,22785.315742918734,7558.0,3328.3211853617067,11787.678814638293
676,16218.168356964237,9365.827138683107,23070.509575245367,8369.5,4941.467710916363,11797.532289083636
677,16837.108153409867,10545.606076941842,23128.610229877893,8776.375,5538.96755199859,12013.78244800141
678,15208.170701097344,7699.018652396847,22717.32274979784,7855.75,4051.9494745386555,11659.550525461345
679,12466.555534444506,3443.4513264834422,21489.65974240557,6457.0,1877.5788438930404,11036.42115610696
680,13613.276903055941,5080.832131004363,22145.721675107518,7078.0625,2738.8363813708092,11417.28861862919
681,19442.581227406245,19345.33392132716,19539.828533485328,10000.0,10000.0,10000.0
682,13678.994888848512,5140.790292862317,22217.19948483471,7088.3125,2767.803260356628,11408.821739643372
683,15872.55478919157,8623.971792534347,23121.137785848794,8231.625,4548.96380402025,11914.28619597975
684,12503.830835361709,3488.181582922967,21519.48008780045,6467.0,1900.3807636283054,11033.619236371695
685,14840.575139616736,7806.777595914654,21874.37268331882,7794.5,4272.530966206546,11316.469033793455
686,15868.428929684205,8420.09100627304,23316.76685309537,8170.5,4362.087256480727,11978.912743519273
687,16879.271927757396,11416.79661781868,22341.747237696112,8947.9375,6157.066433720916,11738.808566279084
688,14197.875474872299,6456.74168560773,21939.00926413687,7436.4375,3516.6567827794884,11356.218217220512
689,15664.768118460332,8797.02988154581,22532.506355374855,8102.4375,4650.527503911784,11554.347496088216
690,11229.343949367454,2221.0160237370146,20237.671874997894,5932.875,1314.9465429561924,10550.803457043807
691,10197.045700141778,1155.3551693388818,19238.736230944676,5418.6875,831.9110486298496,10005.463951370151
692,15856.275787523842,8615.154535950696,23097.397039096988,8232.875,4552.932458413923,11912.817541586077
693,18402.71336433058,15137.02861752413,21668.398111137027,9594.3125,8023.091568735479,11165.533431264521
694,13091.51133424934,4667.6214005656875,21515.401267932994,7022.375,2602.4984904835856,11442.251509516414
695,16014.092661126286,9347.996724189761,22680.18859806281,8404.25,4992.419342200583,11816.080657799417
696,15529.411731310056,8214.187042094705,22844.636420525407,8066.1875,4366.791954462358,11765.583045537642
697,11428.167011104637,2269.168560910295,20587.16546129898,5960.8125,1376.5671120060551,10545.057887993946
698,10115.116008467676,867.2018062114239,19363.030210723926,5326.0625,645.6630716826103,10006.461928317389
699,13581.848960960502,5239.692042064411,21924.005879856595,7153.375,2925.1616823710274,11381.588317628972
700,14751.315342094125,6670.935034384425,22831.695649803827,7639.1875,3547.608614368715,11730.766385631285
701,17079.98740890032,11803.297523402354,22356.677294398287,9013.75,6364.452840846275,11663.047159153724
702,17753.331790163764,13189.735494662204,22316.928085665324,9378.9375,7020.409000364316,11737.465999635684
703,16399.635791444613,10429.578572375312,22369.69301051391,8586.5625,5633.3864772926245,11539.738522707376
704,16267.503951218116,9594.478852840042,22940.52904959619,8407.0,5028.215103768812,11785.784896231187
705,15377.483256185868,8269.97124757052,22484.995264801215,7986.4375,4443.244396160788,11529.630603839212
706,12924.912958775103,4450.110226533623,21399.715691016583,6743.8125,2512.361785133555,10975.263214866445
707,16052.309430760819,8922.890512373404,23181.728349148234,8281.3125,4702.569848614775,11860.055151385226
708,6607.285877488023,-2048.5554753519327,15263.12723032798,3525.9375,-842.6032098473688,7894.478209847369
709,9301.641879776244,271.5052363430186,18331.77852320947,4897.4375,372.6650752151081,9422.209924784893
710,17117.52518759208,10884.223927530526,23350.826447653635,8809.3125,5658.0674540151995,11960.5575459848
711,13096.454794143663,4848.553257715832,21344.356330571492,6828.9375,2715.739102330159,10942.135897669841
712,12565.25503942688,3696.4190494962386,21434.09102935752,6542.625,2076.359853440181,11008.89014655982
713,15952.916731328212,8763.2228679219,23142.610594734524,8257.5625,4627.1011834324,11888.0238165676
714,10132.310621799319,1001.1214578520885,19263.49978574655,5335.0625,653.611423293788,10016.513576706213
715,15630.476962174358,8860.488492103512,22400.465432245204,8086.125,4770.446847739893,11401.803152260107
716,8861.048805609915,559.1468926965172,17162.950718523312,4741.125,597.4726576364419,8884.777342363559
717,11893.173096835471,3419.272983854349,20367.073209816594,6293.25,2006.1027769039702,10580.39722309603
718,16319.10593274401,9945.080989857346,22693.130875630675,8489.5625,5321.695809134719,11657.429190865281
719,12774.253858225376,4916.255595485478,20632.252120965277,6721.25,2865.567302668696,10576.932697331304
720,14655.787690221128,6618.013348207607,22693.56203223465,7638.0,3544.1028499729014,11731.897150027098
721,16789.534211877137,10610.741323196795,22968.32710055748,8808.0625,5653.597480603882,11962.527519396117
722,13238.86158346856,4861.168067668697,21616.555099268422,7057.875,2686.1130572159464,11429.636942784055
723,13778.642295800124,5693.912155005678,21863.37243659457,7240.8125,3091.658486548131,11389.96651345187
724,18217.043527812973,13595.443071799487,22838.64398382646,9390.875,7031.744019241407,11750.005980758593
725,12972.770883584617,4404.984454801741,21540.55731236749,6747.75,2515.7454144046587,10979.754585595341
726,16625.8359915142,10383.68602493426,22867.985958094137,8780.75,5554.9175396108985,12006.582460389101
727,15260.138208983713,7868.580671821208,22651.69574614622,7881.375,4168.621845752468,11594.128154247532
728,14781.41312601278,7457.191827423856,22105.634424601703,7858.5625,4138.011432470655,11579.113567529344
729,15897.350356682537,9272.183750938577,22522.516962426496,8211.375,4903.873112717847,11518.876887282153
730,13772.954989855598,5265.379931106785,22280.53004860441,7109.6875,2788.798648751481,11430.57635124852
731,10879.17579749589,2138.1960953983016,19620.15549959348,5715.0,1348.6777775798546,10081.322222420145
732,17098.37496107119,11305.575309873904,22891.174612268474,8893.5625,5949.958778183194,11837.166221816806
733,16875.39576407443,10959.556273953487,22791.235254195373,8867.125,5861.943061352192,11872.30693864781
734,14743.53825927216,6766.906717204452,22720.169801339867,7651.625,3579.505513863204,11723.744486136795
735,16690.416466440958,10467.746888923037,22913.08604395888,8785.125,5570.84796474386,11999.40203525614
736,19099.825527527144,18092.942693888104,20106.708361166184,10000.0,10000.0,10000.0
737,14239.343598198004,6335.886623414539,22142.80057298147,7397.75,3483.849779312201,11311.6502206878
738,15354.429133762447,7939.460729833282,22769.397537691613,7928.5625,4262.915320293018,11594.209679706983
739,17158.1842022541,10977.8655667725,23338.502837735698,8831.9375,5741.534199685662,11922.340800314338
740,13550.786524742147,5154.78490238845,21946.788147095845,7134.6875,2880.8348532991586,11388.540146700841
741,17509.712047433557,12186.576186197231,22832.847908669883,9018.6875,6419.8450480911215,11617.529951908879
742,13672.340213161337,5960.996489971359,21383.683936351314,7399.125,3403.0387447528738,11395.211255247126
743,14787.488116308425,6939.091871885494,22635.884360731354,7715.875,3758.307425166312,11673.442574833687
744,18100.552931699276,14205.044243639859,21996.061619758693,9349.6875,7627.308777173992,11072.066222826008
745,10201.591877220879,903.6754284208346,19499.50832602092,5338.0625,671.1493543978931,10004.975645602106
746,15328.667589658286,8061.04228834874,22596.29289096783,7944.9375,4306.051037963331,11583.82396203667
747,15015.066061759426,7201.587243162427,22828.544880356425,7736.375,3791.723274641347,11681.026725358653
748,10303.147509691364,1053.0849123817225,19553.210107001003,5360.6875,700.340024774172,10021.034975225828
749,12446.872449158642,3732.9272723119648,21160.81762600532,6569.5,2118.266519266823,11020.733480733177
750,17526.573685578034,12216.418508964298,22836.72886219177,9003.25,6366.064935864379,11640.435064135621
751,17062.122535243216,10871.98582227105,23252.25924821538,8813.8125,5674.923042350409,11952.701957649591
752,15844.930820445263,8583.03597239781,23106.825668492715,8219.625,4513.179804887168,11926.070195112832
753,15012.794513325134,7171.8291748162455,22853.759851834024,7738.875,3801.468447537453,11676.281552462548
754,12948.522607448416,4838.308393141667,21058.736821755167,6777.875,2721.685210385244,10834.064789614757
755,17249.955356495324,11100.99313116431,23398.91758182634,8837.4375,5757.874950530717,11917.000049469283
756,10958.507207625793,2037.6114263445434,19879.402988907044,5745.0625,1244.722367455155,10245.402632544845
757,15173.459162272473,7611.6668888530085,22735.25143569194,7827.4375,4040.272762878871,11614.60223712113
758,15999.835759426369,8634.94730311777,23364.72421573497,8219.8125,4513.08993790505,11926.53506209495
759,16196.207229179232,9050.0582744489,23342.356183909564,8281.75,4688.437313564265,11875.062686435735
760,18460.42314446585,14235.916231310559,22684.930057621143,9445.25,7296.712488691435,11593.787511308565
761,10492.281467643677,1237.2106668284669,19747.35226845889,5395.0,759.4860047671091,10030.51399523289
762,10569.50829007736,1517.6350664816127,19621.381513673106,5472.5625,884.4040054519146,10060.720994548086
763,13726.50758684775,5039.452824542268,22413.56234915323,7050.6875,2670.481287406379,11430.89371259362
764,11123.38169738232,2450.0996167499943,19796.663778014645,5760.6875,1445.3708876476976,10076.004112352302
765,9664.191821828748,861.6679329442832,18466.715710713215,5056.75,646.0185484718068,9467.481451528194
766,14235.959650820347,6168.0408906451385,22303.878410995556,7345.1875,3378.8179506080437,11311.557049391957
767,11941.154114130391,3188.7823623202985,20693.525865940486,6171.8125,1790.6064271995265,10553.018572800473
768,12689.194411514192,3614.226383164394,21764.16243986399,6491.625,1953.8304245068566,11029.419575493142
769,9424.646859819162,351.622033341333,18497.67168629699,4871.125,319.063161187285,9423.186838812715
770,9480.013194420066,284.72187603328894,18675.30451280684,4844.9375,256.6426578398159,9433.232342160183
771,12971.969240320752,4021.295392256112,21922.64308838539,6592.0625,2166.6804477254454,11017.444552274555
772,11059.816474947671,2247.1275686660883,19872.505381229254,5671.6875,1334.350821248424,10009.024178751577
773,9765.755701467315,874.7743165136162,18656.737086421013,4977.625,519.4713760907698,9435.778623909231
774,13379.423685158887,5187.94779400791,21570.899576309865,6839.9375,2748.1481684735404,10931.72683152646
775,16458.77220830888,9438.541281043445,23479.00313557432,8348.25,4867.249991022694,11829.250008977306
776,7114.750691143961,-1458.7241224708941,15688.225504758817,3711.625,-549.3090066909035,7972.5590066909035
777,15264.35631963625,7593.155804375382,22935.556834897117,7820.875,4038.3936901486213,11603.356309851379
778,6951.858454950501,-1643.2697719653825,15546.986681866385,3625.6875,-677.8607703048365,7929.2357703048365
779,15560.148198428893,8122.243956373593,22998.052440484193,7910.0,4286.444753422407,11533.555246577593
780,12721.316668331405,3561.530775845853,21881.10256081696,6482.5625,1939.0719094855058,11026.053090514495
781,11006.631142229024,2108.962331013234,19904.299953444814,5623.75,1220.313039794938,10027.186960205061
782,8358.911557518586,448.1043607959409,16269.718754241232,4397.0,492.9836866375672,8301.016313362434
783,13892.970899873158,5201.773806976111,22584.167992770206,7079.0625,2734.884061147177,11423.240938852823
784,9254.06861805621,930.0401574078587,17578.09707870456,4857.25,774.9199897607496,8939.58001023925
785,11725.808370174944,2522.8433756607246,20928.773364689165,5980.0625,1403.7707770442012,10556.354222955799
786,10114.6976417689,1306.8153355518698,18922.57994798593,5228.5,897.1720136891045,9559.827986310895
787,11530.343161715044,3209.599549445391,19851.086773984694,5938.125,1844.854304776558,10031.395695223442
788,11025.32567018774,2137.2488249652415,19913.40251541024,5670.4375,1270.0962210656317,10070.778778934367
789,11235.331390574753,2470.1968144957427,20000.465966653763,5787.1875,1468.4217588022038,10105.953241197796
790,16069.911233702172,8987.506545743805,23152.31592166054,8127.375,4586.578640510372,11668.171359489628
791,6370.703975486485,-1547.9655147835729,14289.373465756544,3360.5,-551.5740982246234,7272.574098224623
792,12784.736339828674,3830.975052470838,21738.49762718651,6536.9375,2055.344487064337,11018.530512935664
793,7220.190826758366,-1276.8096241438889,15717.19127766062,3804.75,-389.8626385519792,7999.362638551979
794,17767.527692996766,12113.539715274917,23421.515670718614,8960.1875,6168.095671756568,11752.279328243432
795,14275.523872219052,6203.229171902943,22347.81857253516,7314.3125,3312.717244374595,11315.907755625405
796,10899.182210440182,1869.0607687925185,19929.303652087845,5572.25,1098.080852269888,10046.419147730112
797,14328.251608746794,6204.2707579153885,22452.232459578197,7308.3125,3286.6565487973426,11329.968451202658
798,13899.317003306714,5065.927205186175,22732.70680142725,7032.8125,2628.0560620861224,11437.568937913878
799,9499.735486671147,317.68585899389836,18681.785114348393,4916.125,399.0427161164089,9433.207283883592
