0,18.01569009222126,0.9597305019302134,35.0716496825123,1314.6153846153845,-662.5626953165454,3291.793464547314
1,25.500924740353813,12.682734902931635,38.31911457777599,374.84615384615387,-153.1686836717451,902.8609913640528
2,34.10375263762231,32.90041132525724,35.307093949987376,108.07692307692308,86.39225448201469,129.76159167183147
3,33.252448043400925,24.351005757581593,42.15389032922026,330.46153846153845,-485.24830959291387,1146.171386515991
4,35.68059058668978,35.32900632169777,36.032174851681795,85.92307692307692,82.01132857381812,89.83482527233572
5,35.58789880128797,35.1426113843383,36.03318621823764,86.46153846153847,80.36468700909712,92.55838991397981
6,35.90823724837257,35.54111148699431,36.27536300975083,83.92307692307692,81.49055564602432,86.35559820012952
7,36.25916851434606,35.83466742907417,36.68366959961794,84.15384615384616,80.94697483297296,87.36071747471937
8,35.338306879391894,34.87792666331507,35.798687095468715,82.92307692307692,81.1488365238968,84.69731732225704
9,35.63437665006719,35.1965370448385,36.07221625529588,80.76923076923077,79.40181624348992,82.13664529497163
10,34.68048812151672,34.321202516611855,35.03977372642158,80.3076923076923,78.98425765122421,81.6311269641604
11,35.47375236579683,35.10318857755,35.84431615404365,79.53846153846153,78.60899646356964,80.46792661335343
12,36.06316848496835,35.73852183673357,36.387815133203134,79.92307692307692,78.8516624402166,80.99449140593724
13,35.13073032415168,34.75098484494814,35.51047580335521,79.6923076923077,78.87099398061298,80.51362140400241
14,35.82149870511225,35.63788936082381,36.00510804940068,79.61538461538461,78.02027374205171,81.21049548871751
15,35.914523868405155,35.66687016764757,36.162177569162736,79.46153846153847,78.82721451913575,80.09586240394118
16,35.90321454978011,35.66865606671408,36.13777303284614,79.15384615384616,78.79304494155205,79.51464736614027
17,35.9626425223922,35.61534355388428,36.30994149090012,79.38461538461539,78.75968935348955,80.00954141574123
18,35.157669822588595,34.788446371575425,35.526893273601765,79.61538461538461,78.53846153846153,80.6923076923077
19,36.19905204642922,35.922891573190434,36.47521251966801,79.3076923076923,78.70199939430678,79.91338522107783
20,35.131465763137385,34.85932733986759,35.40360418640718,79.23076923076923,78.80944418653448,79.65209427500398
21,36.289717592854196,36.05870764221027,36.52072754349812,79.23076923076923,78.80944418653448,79.65209427500398
22,35.757688563926,35.54125526863287,35.97412185921914,79.23076923076923,78.655129632804,79.80640882873445
23,36.05385360213964,35.75304135377332,36.35466585050596,79.3076923076923,78.84615384615384,79.76923076923077
24,36.21078374745244,35.989310073096604,36.43225742180827,79.07692307692308,78.81045372191248,79.34339243193368
25,35.09480236331001,34.82360182808238,35.36600289853764,79.0,79.0,79.0
26,36.48235690443275,36.4823566385706,36.4823571702949,79.0,79.0,79.0
27,35.4571866943286,35.34295593476697,35.57141745389023,79.23076923076923,78.43136116573744,80.03017729580101
28,36.63887852813619,36.63887821066093,36.63887884561145,79.0,79.0,79.0
29,36.239935289280346,36.23993496902977,36.239935609530924,79.0,79.0,79.0
30,35.3313108733497,35.33131062765628,35.33131111904312,79.0,79.0,79.0
31,36.28910085750529,36.289100598912825,36.289101116097754,79.0,79.0,79.0
32,35.78187331990697,35.78187287180882,35.78187376800512,79.0,79.0,79.0
33,36.32998618591004,36.32998577278891,36.329986599031166,79.0,79.0,79.0
34,35.506896359344516,35.50689594172558,35.50689677696345,79.0,79.0,79.0
35,35.994399744157604,35.99439935486652,35.994400133448686,79.0,79.0,79.0
36,36.554052233660165,36.5540519740294,36.55405249329093,79.0,79.0,79.0
37,35.14466396482805,35.14466368433052,35.14466424532558,79.0,79.0,79.0
38,35.294101604045586,35.29410113900094,35.294102069090236,79.0,79.0,79.0
39,35.13350198095521,35.133501621406495,35.133502340503924,79.0,79.0,79.0
40,35.2444585805329,35.24445810805411,35.24445905301169,79.0,79.0,79.0
41,36.00007664565391,36.00007633237267,36.00007695893515,79.0,79.0,79.0
42,36.23325701081194,36.23325663654722,36.23325738507666,79.0,79.0,79.0
43,36.29593882652429,36.295938425165396,36.29593922788319,79.0,79.0,79.0
44,35.18730818365629,35.187307808960156,35.18730855835243,79.0,79.0,79.0
45,35.54351471450467,35.54351442179294,35.54351500721639,79.0,79.0,79.0
46,35.93784952871143,35.937849181023346,35.93784987639952,79.0,79.0,79.0
47,35.361897399434106,35.36189715481937,35.361897644048845,79.0,79.0,79.0
48,35.84231491960012,35.842314609988755,35.842315229211486,79.0,79.0,79.0
49,35.958265525915735,35.95826527926611,35.95826577256536,79.0,79.0,79.0
50,35.59920821686347,35.4830846797762,35.715331753950736,79.0,79.0,79.0
51,35.58870572811709,35.58870545446909,35.58870600176509,79.0,79.0,79.0
52,35.43646987785514,35.35443262516948,35.5185071305408,79.0,79.0,79.0
53,36.57007236030096,36.57007193646711,36.570072784134815,79.0,79.0,79.0
54,35.81868176006425,35.81868140333108,35.818682116797426,79.0,79.0,79.0
55,35.14741938561201,35.14741918481183,35.14741958641219,79.0,79.0,79.0
56,36.38549243954297,36.385492146923674,36.38549273216227,79.0,79.0,79.0
57,35.82367461559792,35.82367417599392,35.823675055201925,79.0,79.0,79.0
58,35.51228931385021,35.28286022571746,35.741718401982965,79.0,79.0,79.0
59,36.55368363808464,36.46339876940283,36.643968506766456,79.0,79.0,79.0
60,35.147750538415636,35.1477503606955,35.147750716135775,79.0,79.0,79.0
61,35.933952382282136,35.93395217350161,35.93395259106266,79.0,79.0,79.0
62,36.2661263904391,36.2661260352879,36.2661267455903,79.0,79.0,79.0
63,36.20251376645711,36.202513490863495,36.20251404205072,79.0,79.0,79.0
64,35.147031909642884,35.147031739703905,35.14703207958186,79.0,79.0,79.0
65,36.04967494754013,36.04967461134946,36.04967528373081,79.0,79.0,79.0
66,35.87329254867151,35.87329223025651,35.873292867086505,79.0,79.0,79.0
67,35.68373125787968,35.68373105490958,35.68373146084978,79.0,79.0,79.0
68,36.21149869547942,36.21149832399298,36.211499066965864,79.0,79.0,79.0
69,35.70807858997096,35.70807818529378,35.70807899464814,79.0,79.0,79.0
70,35.69292384479195,35.69292362685167,35.692924062732224,79.0,79.0,79.0
71,35.33429008113364,35.334289684795785,35.33429047747149,79.0,79.0,79.0
72,35.97263881103852,35.972638452740014,35.97263916933703,79.0,79.0,79.0
73,35.23472222879242,35.23472196063733,35.23472249694751,79.0,79.0,79.0
74,35.62304472869549,35.623044526172826,35.62304493121815,79.0,79.0,79.0
75,35.50022193581726,35.50022156079309,35.50022231084142,79.0,79.0,79.0
76,36.22441026931987,36.22440998791419,36.224410550725544,79.0,79.0,79.0
77,35.59367149631278,35.593671167261896,35.593671825363664,79.0,79.0,79.0
78,36.32011587056331,36.32011561386364,36.320116127262985,79.0,79.0,79.0
79,36.19286733855888,36.19286704501067,36.19286763210708,79.0,79.0,79.0
80,35.46973931760742,35.46973886692969,35.46973976828515,79.0,79.0,79.0
81,35.28706915375705,35.28706882144819,35.28706948606592,79.0,79.0,79.0
82,36.25049987349372,36.25049958081596,36.250500166171484,79.0,79.0,79.0
83,36.00994350144174,36.00994327149004,36.00994373139344,79.0,79.0,79.0
84,36.086873872984704,36.08687357304907,36.08687417292034,79.0,79.0,79.0
85,36.52969248750462,36.52969226141685,36.52969271359239,79.0,79.0,79.0
86,36.582682266544836,36.582681909667436,36.58268262342224,79.0,79.0,79.0
87,35.87382223820672,35.87382183384259,35.87382264257085,79.0,79.0,79.0
88,36.24497517874428,36.244974848970244,36.24497550851832,79.0,79.0,79.0
89,36.59750307222399,36.59750284352538,36.59750330092259,79.0,79.0,79.0
90,36.34122213538593,36.34122188890518,36.34122238186667,79.0,79.0,79.0
91,35.34911972277153,35.34911938353668,35.349120062006385,79.0,79.0,79.0
92,35.61376205996539,35.61376185194673,35.61376226798405,79.0,79.0,79.0
93,36.210814039025884,36.210813743216036,36.21081433483573,79.0,79.0,79.0
94,35.13061099922141,35.13061062448281,35.13061137396001,79.0,79.0,79.0
95,35.295717410599956,35.295717098470625,35.295717722729286,79.0,79.0,79.0
96,35.48603491012294,35.48603470811808,35.486035112127794,79.0,79.0,79.0
97,36.55698383932646,36.556983544241604,36.55698413441132,79.0,79.0,79.0
98,35.26972569668522,35.269725348706984,35.26972604466346,79.0,79.0,79.0
99,35.791718689688985,35.79171838438305,35.791718994994916,79.0,79.0,79.0
100,35.78517490682694,35.785174513942685,35.78517529971119,79.0,79.0,79.0
101,36.455810596091816,36.455810227403,36.45581096478063,79.0,79.0,79.0
102,36.351615042909266,36.35161470869075,36.351615377127786,79.0,79.0,79.0
103,35.50273467120356,35.5027343902582,35.50273495214893,79.0,79.0,79.0
104,36.581597849296834,36.58159747458365,36.581598224010015,79.0,79.0,79.0
105,35.57060014478002,35.570599860879085,35.57060042868096,79.0,79.0,79.0
106,35.72207061548789,35.72207027177455,35.722070959201226,79.0,79.0,79.0
107,36.31142144535597,36.31142115223479,36.311421738477144,79.0,79.0,79.0
108,36.11509702035143,36.11509667127228,36.11509736943057,79.0,79.0,79.0
109,35.77462682321381,35.77462643821774,35.77462720820988,79.0,79.0,79.0
110,35.30862676173162,35.30862652696799,35.30862699649524,79.0,79.0,79.0
111,35.1607390880728,35.16073893742002,35.16073923872558,79.0,79.0,79.0
112,35.63271831910914,35.632718173376155,35.63271846484212,79.0,79.0,79.0
113,35.84518716840718,35.845186863724194,35.845187473090164,79.0,79.0,79.0
114,36.35610458904949,36.35610427871842,36.356104899380554,79.0,79.0,79.0
115,35.62184664703762,35.621846450407176,35.62184684366807,79.0,79.0,79.0
116,35.83805103420924,35.838050542715855,35.83805152570263,79.0,79.0,79.0
117,36.362415463609906,36.36241517378249,36.362415753437325,79.0,79.0,79.0
118,35.8579379071195,35.85793757782613,35.85793823641287,79.0,79.0,79.0
119,36.41097456730831,36.41097427408609,36.41097486053053,79.0,79.0,79.0
120,35.97146890262285,35.971468635778436,35.97146916946727,79.0,79.0,79.0
121,35.23727468859691,35.23727443978975,35.237274937404074,79.0,79.0,79.0
122,35.2435289808334,35.243528825675355,35.24352913599145,79.0,79.0,79.0
123,36.467333174310625,36.467332847109724,36.467333501511526,79.0,79.0,79.0
124,36.251932150952946,36.25193192767728,36.25193237422861,79.0,79.0,79.0
125,36.43410387119422,36.43410349139957,36.43410425098887,79.0,79.0,79.0
126,35.626971531014604,35.62697124692296,35.626971815106245,79.0,79.0,79.0
127,36.57463099098263,36.57463075098694,36.57463123097831,79.0,79.0,79.0
128,35.496092389552636,35.49609202981849,35.49609274928678,79.0,79.0,79.0
129,35.22725813327214,35.22725772498768,35.227258541556594,79.0,79.0,79.0
130,35.2311982417909,35.23119789806971,35.23119858551209,79.0,79.0,79.0
131,35.68142101243855,35.68142074962194,35.681421275255154,79.0,79.0,79.0
132,36.39264984839023,36.39264963927404,36.392650057506415,79.0,79.0,79.0
133,35.91832793675936,35.91832774038026,35.91832813313846,79.0,79.0,79.0
134,35.96300063331504,35.963000313159554,35.96300095347053,79.0,79.0,79.0
135,35.81454301209977,35.814542834734254,35.81454318946528,79.0,79.0,79.0
136,36.204202353273736,36.20420213552514,36.20420257102233,79.0,79.0,79.0
137,35.56634797334958,35.56634761321744,35.56634833348172,79.0,79.0,79.0
138,36.369010078201356,36.369009590843525,36.369010565559186,79.0,79.0,79.0
139,35.30059562745289,35.300595356262086,35.3005958986437,79.0,79.0,79.0
140,36.11117016104505,36.11116986806215,36.111170454027956,79.0,79.0,79.0
141,35.162930126946705,35.16292985795345,35.16293039593996,79.0,79.0,79.0
142,35.591130710744224,35.59113030022576,35.59113112126269,79.0,79.0,79.0
143,35.13139577833219,35.13139538145235,35.13139617521203,79.0,79.0,79.0
144,35.89094543919111,35.89094511533957,35.890945763042645,79.0,79.0,79.0
145,35.39568267039095,35.39568227025923,35.395683070522665,79.0,79.0,79.0
146,35.54425329980082,35.5442530973193,35.544253502282345,79.0,79.0,79.0
147,35.3692136019325,35.369213220044024,35.36921398382098,79.0,79.0,79.0
148,35.50697473228838,35.50697442744685,35.506975037129905,79.0,79.0,79.0
149,36.16649379261071,36.16649353366739,36.166494051554025,79.0,79.0,79.0
150,35.50548308901489,35.50548284451123,35.50548333351855,79.0,79.0,79.0
151,35.99532116852844,35.99532089526264,35.995321441794246,79.0,79.0,79.0
152,36.31194498737414,36.31194480253263,36.31194517221565,79.0,79.0,79.0
153,36.07155271204045,36.07155238371651,36.07155304036439,79.0,79.0,79.0
154,35.82493718038313,35.824936841613095,35.82493751915317,79.0,79.0,79.0
155,35.76467456948012,35.76467425473352,35.76467488422672,79.0,79.0,79.0
156,36.57670743838669,36.57670709859287,36.57670777818051,79.0,79.0,79.0
157,35.56073985639243,35.56073956493278,35.56074014785208,79.0,79.0,79.0
158,35.428105872554276,35.42810558873867,35.428106156369886,79.0,79.0,79.0
159,35.57197481966936,35.571974539212626,35.57197510012609,79.0,79.0,79.0
160,36.348215682700705,36.34821536440781,36.3482160009936,79.0,79.0,79.0
161,35.82759024858331,35.827590014503926,35.8275904826627,79.0,79.0,79.0
162,35.221631079768905,35.22163069495226,35.22163146458555,79.0,79.0,79.0
163,35.42941960033316,35.429419225105825,35.4294199755605,79.0,79.0,79.0
164,36.04282390607001,36.042823643824164,36.04282416831586,79.0,79.0,79.0
165,35.168415801527985,35.16841555495903,35.16841604809694,79.0,79.0,79.0
166,36.50318338002007,36.50318309335445,36.503183666685686,79.0,79.0,79.0
167,36.18505570666793,36.18505554102078,36.18505587231508,79.0,79.0,79.0
168,36.475051327930906,36.47505099647606,36.475051659385755,79.0,79.0,79.0
169,36.10712099041848,36.10712071987453,36.10712126096243,79.0,79.0,79.0
170,35.34911992859382,35.34911966386234,35.349120193325305,79.0,79.0,79.0
171,35.648631225232606,35.64863098963666,35.648631460828554,79.0,79.0,79.0
172,35.62334481447648,35.62334453582685,35.62334509312611,79.0,79.0,79.0
173,35.919085525029985,35.91908523157752,35.91908581848245,79.0,79.0,79.0
174,36.04773555101845,36.04773531345607,36.04773578858082,79.0,79.0,79.0
175,36.56678571512636,36.56678538873528,36.56678604151743,79.0,79.0,79.0
176,35.32051687028546,35.320516693228456,35.32051704734246,79.0,79.0,79.0
177,35.32624305856343,35.32624257938981,35.32624353773704,79.0,79.0,79.0
178,35.40331676430427,35.403316437396306,35.40331709121224,79.0,79.0,79.0
179,35.813942346560694,35.81394198860765,35.813942704513735,79.0,79.0,79.0
180,36.34922953757744,36.34922929422923,36.349229780925654,79.0,79.0,79.0
181,35.20922422910539,35.20922398133143,35.20922447687935,79.0,79.0,79.0
182,35.5195982428984,35.51959789774636,35.519598588050435,79.0,79.0,79.0
183,35.830128110587026,35.83012771542828,35.83012850574577,79.0,79.0,79.0
184,35.99222360122412,35.992223340700804,35.99222386174743,79.0,79.0,79.0
185,36.42047587029923,36.42047567352724,36.42047606707121,79.0,79.0,79.0
186,36.20234931385718,36.20234906410558,36.20234956360877,79.0,79.0,79.0
187,35.70154207934124,35.701541791873396,35.70154236680908,79.0,79.0,79.0
188,36.183349711918986,36.183349369962876,36.183350053875095,79.0,79.0,79.0
189,35.868795679452326,35.86879542292257,35.868795935982085,79.0,79.0,79.0
190,35.88602469437039,35.886024515189604,35.88602487355118,79.0,79.0,79.0
191,35.183410864538295,35.183410597997955,35.183411131078635,79.0,79.0,79.0
192,36.526706863660365,36.52670672632253,36.5267070009982,79.0,79.0,79.0
193,36.55468771434747,36.55468748933669,36.55468793935825,79.0,79.0,79.0
194,36.12911436770586,36.12911413072471,36.12911460468701,79.0,79.0,79.0
195,36.55205390992789,36.5520537144157,36.552054105440085,79.0,79.0,79.0
196,35.24670990004849,35.24670950415415,35.246710295942826,79.0,79.0,79.0
197,36.450780126982586,36.45077997596052,36.45078027800465,79.0,79.0,79.0
198,35.85374005063652,35.853739908933306,35.85374019233973,79.0,79.0,79.0
199,35.74879823668072,35.74879787120369,35.74879860215775,79.0,79.0,79.0
200,36.108376827199976,36.108376472056484,36.10837718234347,79.0,79.0,79.0
201,35.50710185918097,35.5071016074332,35.50710211092874,79.0,79.0,79.0
202,36.22767506224605,36.22767468991706,36.22767543457504,79.0,79.0,79.0
203,36.500083259020286,36.50008305271988,36.50008346532069,79.0,79.0,79.0
204,35.59566930831912,35.595669094814625,35.59566952182361,79.0,79.0,79.0
205,35.400944288891665,35.40094393946598,35.40094463831735,79.0,79.0,79.0
206,36.5204641998459,36.52046383229284,36.52046456739895,79.0,79.0,79.0
207,36.46114792724928,36.46114771541914,36.46114813907942,79.0,79.0,79.0
208,35.735758940366885,35.735758687056006,35.735759193677765,79.0,79.0,79.0
209,36.64078832267282,36.640787940877956,36.64078870446768,79.0,79.0,79.0
210,35.32857297683278,35.32857268224421,35.328573271421355,79.0,79.0,79.0
211,36.223652898781715,36.22365258366205,36.22365321390138,79.0,79.0,79.0
212,35.352380165973535,35.35237985379483,35.35238047815224,79.0,79.0,79.0
213,36.02605939108449,36.02605896872377,36.02605981344521,79.0,79.0,79.0
214,36.01921839537457,36.01921803171195,36.019218759037194,79.0,79.0,79.0
215,35.426706244166084,35.42670605490762,35.42670643342455,79.0,79.0,79.0
216,35.332166191906886,35.33216584982883,35.33216653398494,79.0,79.0,79.0
217,35.84023902604643,35.840238691069075,35.84023936102379,79.0,79.0,79.0
218,35.21218853608634,35.212188160059924,35.21218891211275,79.0,79.0,79.0
219,35.29057280661968,35.290572565364805,35.29057304787455,79.0,79.0,79.0
220,36.049410839121826,36.049410441718244,36.04941123652541,79.0,79.0,79.0
221,35.83262760313944,35.832627259647786,35.8326279466311,79.0,79.0,79.0
222,35.558017172098445,35.558016730480205,35.558017613716686,79.0,79.0,79.0
223,35.77740974960705,35.77740950131592,35.77740999789818,79.0,79.0,79.0
224,35.472452400395504,35.47245210719602,35.47245269359499,79.0,79.0,79.0
225,36.42157507820342,36.421574736015074,36.42157542039176,79.0,79.0,79.0
226,35.18293132195966,35.182930939685114,35.1829317042342,79.0,79.0,79.0
227,36.64712448575749,36.64712425154225,36.64712471997272,79.0,79.0,79.0
228,36.09254675675318,36.0925465049355,36.09254700857086,79.0,79.0,79.0
229,35.80995142137488,35.809951200988166,35.8099516417616,79.0,79.0,79.0
230,35.12942161102994,35.129421368414704,35.12942185364518,79.0,79.0,79.0
231,36.49912964291154,36.49912940099037,36.49912988483271,79.0,79.0,79.0
232,36.59108714709202,36.59108690994358,36.59108738424046,79.0,79.0,79.0
233,36.0812522666596,36.08125193694952,36.08125259636967,79.0,79.0,79.0
234,35.42478605058904,35.424785697522026,35.42478640365606,79.0,79.0,79.0
235,35.52865561251887,35.528655407919196,35.52865581711854,79.0,79.0,79.0
236,36.60525487481545,36.605254593689345,36.605255155941556,79.0,79.0,79.0
237,35.43011529507259,35.43011502008675,35.430115570058426,79.0,79.0,79.0
238,36.034792435077875,36.03479210144705,36.0347927687087,79.0,79.0,79.0
239,35.17479676452394,35.17479654018234,35.17479698886554,79.0,79.0,79.0
240,35.97588317940692,35.975882843372915,35.97588351544093,79.0,79.0,79.0
241,35.38076779754976,35.380767597305706,35.38076799779381,79.0,79.0,79.0
242,36.00889581416805,36.00889543388781,36.00889619444829,79.0,79.0,79.0
243,35.70034558569583,35.700345362397535,35.70034580899412,79.0,79.0,79.0
244,35.580447492368805,35.580447237101225,35.580447747636384,79.0,79.0,79.0
245,36.39652216541939,36.39652190491982,36.39652242591896,79.0,79.0,79.0
246,36.005120256208244,36.00511994459355,36.005120567822935,79.0,79.0,79.0
247,35.34376883478119,35.343768482309706,35.34376918725267,79.0,79.0,79.0
248,35.676348090315095,35.676347661476875,35.676348519153315,79.0,79.0,79.0
249,36.15577053499874,36.15577027712371,36.15577079287377,79.0,79.0,79.0
250,35.30498788405497,35.30498754553265,35.304988222577286,79.0,79.0,79.0
251,35.16102764375795,35.16102732271279,35.161027964803104,79.0,79.0,79.0
252,35.19108050144636,35.19108019769704,35.191080805195675,79.0,79.0,79.0
253,35.70871942662276,35.70871916267104,35.708719690574476,79.0,79.0,79.0
254,36.22349380972222,36.22349354059207,36.223494078852376,79.0,79.0,79.0
255,35.20235372392031,35.20235340886198,35.20235403897864,79.0,79.0,79.0
256,35.88400410891224,35.88400395119999,35.88400426662448,79.0,79.0,79.0
257,35.648475867696106,35.648475608852415,35.6484761265398,79.0,79.0,79.0
258,35.688532093002536,35.68853176197251,35.68853242403256,79.0,79.0,79.0
259,36.28781515601664,36.287814933766995,36.28781537826629,79.0,79.0,79.0
260,36.12083091617947,36.12083066539357,36.120831166965374,79.0,79.0,79.0
261,35.443870576671685,35.44387034458254,35.44387080876083,79.0,79.0,79.0
262,35.69734392970657,35.697343584316144,35.697344275096995,79.0,79.0,79.0
263,35.579535574616436,35.57953515829135,35.57953599094152,79.0,79.0,79.0
264,36.2438012768801,36.24380107960867,36.243801474151525,79.0,79.0,79.0
265,36.01183456724259,36.01183434166995,36.01183479281522,79.0,79.0,79.0
266,36.61060292177046,36.61060259417103,36.61060324936989,79.0,79.0,79.0
267,35.16323729905371,35.16323697635922,35.1632376217482,79.0,79.0,79.0
268,36.63124140344847,36.63124115693053,36.63124164996641,79.0,79.0,79.0
269,36.18492370833141,36.184923364079665,36.184924052583156,79.0,79.0,79.0
270,35.86294097397835,35.86294048865473,35.862941459301965,79.0,79.0,79.0
271,35.16991841850373,35.169918132915974,35.16991870409148,79.0,79.0,79.0
272,35.74931729008229,35.749316938678334,35.74931764148624,79.0,79.0,79.0
273,35.62312213266985,35.623121945205064,35.623122320134634,79.0,79.0,79.0
274,36.510426827885496,36.510426553236876,36.510427102534116,79.0,79.0,79.0
275,35.46467199405799,35.464671782420304,35.46467220569567,79.0,79.0,79.0
276,35.56414731018818,35.56414689349458,35.564147726881785,79.0,79.0,79.0
277,35.23359926410306,35.233598915872435,35.23359961233369,79.0,79.0,79.0
278,36.0833041067168,36.08330375402121,36.083304459412396,79.0,79.0,79.0
279,36.07817784481449,36.07817747169913,36.07817821792985,79.0,79.0,79.0
280,36.048130227405075,36.04813004332807,36.04813041148208,79.0,79.0,79.0
281,35.5461137853921,35.54611343092193,35.546114139862276,79.0,79.0,79.0
282,36.45773495232257,36.457734664653046,36.45773523999209,79.0,79.0,79.0
283,35.75809000532787,35.75808964374649,35.75809036690926,79.0,79.0,79.0
284,35.64474196964875,35.644741682488025,35.64474225680947,79.0,79.0,79.0
285,35.39417766958762,35.39417726852899,35.39417807064625,79.0,79.0,79.0
286,35.614690279229904,35.6146899594595,35.61469059900031,79.0,79.0,79.0
287,35.925502247965106,35.92550198079545,35.92550251513476,79.0,79.0,79.0
288,35.5559987657202,35.55599852182989,35.5559990096105,79.0,79.0,79.0
289,35.19531822125786,35.195317895979976,35.19531854653574,79.0,79.0,79.0
290,35.248811789143545,35.24881155098134,35.24881202730575,79.0,79.0,79.0
291,35.98794588443035,35.987945481756554,35.98794628710415,79.0,79.0,79.0
292,35.632222247274164,35.63222197137379,35.63222252317454,79.0,79.0,79.0
293,35.27806900885816,35.278068796578786,35.278069221137535,79.0,79.0,79.0
294,36.02090061498949,36.020900265600524,36.02090096437846,79.0,79.0,79.0
295,35.516745913415576,35.51674571432472,35.51674611250643,79.0,79.0,79.0
296,35.82718179147476,35.82718151089028,35.82718207205924,79.0,79.0,79.0
297,36.274434168608146,36.274433783285716,36.274434553930575,79.0,79.0,79.0
298,35.696004633755926,35.696004339369566,35.69600492814229,79.0,79.0,79.0
299,36.37445395948509,36.37445358228644,36.37445433668373,79.0,79.0,79.0
300,35.78403572018187,35.78403539933141,35.78403604103233,79.0,79.0,79.0
301,35.88865625260111,35.88865598007443,35.888656525127786,79.0,79.0,79.0
302,36.514204285358296,36.51420402442686,36.51420454628973,79.0,79.0,79.0
303,36.34679051791318,36.34679025918731,36.34679077663905,79.0,79.0,79.0
304,35.705195874907076,35.705195507435974,35.70519624237818,79.0,79.0,79.0
305,35.794236877754045,35.79423642203984,35.79423733346825,79.0,79.0,79.0
306,36.0656991211984,36.06569883054131,36.06569941185549,79.0,79.0,79.0
307,36.22837090437623,36.228370615092835,36.22837119365962,79.0,79.0,79.0
308,36.4961810226982,36.49618074710101,36.4961812982954,79.0,79.0,79.0
309,36.629114276729524,36.62911401850546,36.62911453495359,79.0,79.0,79.0
310,35.82375530830513,35.82375503566695,35.82375558094331,79.0,79.0,79.0
311,36.56434895635511,36.56434883504485,36.564349077665376,79.0,79.0,79.0
312,35.69240698361626,35.69240669348433,35.69240727374819,79.0,79.0,79.0
313,36.37504908238323,36.37504867306463,36.37504949170182,79.0,79.0,79.0
314,36.550987134651784,36.550986883162885,36.55098738614068,79.0,79.0,79.0
315,36.13871663787331,36.13871629156591,36.138716984180704,79.0,79.0,79.0
316,35.325659763641085,35.32565932767245,35.32566019960972,79.0,79.0,79.0
317,36.44186542881653,36.44186506786195,36.44186578977111,79.0,79.0,79.0
318,35.28815865724419,35.2881582441859,35.28815907030248,79.0,79.0,79.0
319,36.60408825258939,36.60408788227771,36.604088622901074,79.0,79.0,79.0
320,36.11008568244331,36.11008539889774,36.11008596598889,79.0,79.0,79.0
321,35.55865568284375,35.558655367995094,35.558655997692405,79.0,79.0,79.0
322,35.41283040328954,35.41283016464631,35.41283064193277,79.0,79.0,79.0
323,36.04102758128787,36.04102720291918,36.04102795965656,79.0,79.0,79.0
324,35.43368230953526,35.433682055345884,35.43368256372463,79.0,79.0,79.0
325,36.61795518765799,36.617954990554686,36.617955384761295,79.0,79.0,79.0
326,36.07697730284193,36.07697706626475,36.07697753941911,79.0,79.0,79.0
327,36.000150465245284,36.0001502721884,36.00015065830217,79.0,79.0,79.0
328,36.53267693963762,36.532676552856536,36.5326773264187,79.0,79.0,79.0
329,36.240910473369205,36.24091026193173,36.24091068480668,79.0,79.0,79.0
330,36.005228763464125,36.005228452124804,36.005229074803445,79.0,79.0,79.0
331,36.59764144322477,36.59764112738923,36.5976417590603,79.0,79.0,79.0
332,36.08597281121407,36.085972598018245,36.085973024409896,79.0,79.0,79.0
333,35.81230301203994,35.81230259489464,35.81230342918524,79.0,79.0,79.0
334,35.325025126194724,35.32502481981805,35.3250254325714,79.0,79.0,79.0
335,35.57270038016857,35.572700077208665,35.572700683128474,79.0,79.0,79.0
336,36.166340299447675,36.16633997485467,36.16634062404068,79.0,79.0,79.0
337,35.94377035405845,35.94377004435722,35.94377066375968,79.0,79.0,79.0
338,35.15650167602759,35.1565013498164,35.156502002238774,79.0,79.0,79.0
339,36.224442920575925,36.22444258337382,36.22444325777803,79.0,79.0,79.0
340,36.36826474606418,36.36826436070215,36.368265131426206,79.0,79.0,79.0
341,36.58958542955896,36.589585171347785,36.58958568777013,79.0,79.0,79.0
342,36.61066329669064,36.61066294543073,36.610663647950545,79.0,79.0,79.0
343,36.13198138733815,36.131981133499025,36.131981641177276,79.0,79.0,79.0
344,35.92978207494777,35.92978182693694,35.929782322958594,79.0,79.0,79.0
345,36.065782795884076,36.06578247830753,36.06578311346062,79.0,79.0,79.0
346,35.74060773451884,35.7406073591121,35.74060810992558,79.0,79.0,79.0
347,35.410519044703015,35.41051859545344,35.41051949395259,79.0,79.0,79.0
348,35.35834054340823,35.35834011671449,35.35834097010198,79.0,79.0,79.0
349,35.594472807294764,35.594472524290566,35.59447309029896,79.0,79.0,79.0
350,36.195027110704146,36.19502681364718,36.19502740776111,79.0,79.0,79.0
351,36.148959949191735,36.14895960667833,36.14896029170514,79.0,79.0,79.0
352,35.340736390163116,35.34073604120938,35.34073673911685,79.0,79.0,79.0
353,35.97443917202942,35.9744388498569,35.97443949420194,79.0,79.0,79.0
354,35.307145708312206,35.307145571129325,35.307145845495086,79.0,79.0,79.0
355,35.86910764525573,35.86910732445183,35.86910796605963,79.0,79.0,79.0
356,36.322402984494914,36.322402730188365,36.32240323880146,79.0,79.0,79.0
357,36.295649523846805,36.29564919073061,36.295649856963,79.0,79.0,79.0
358,35.633841175084505,35.63384082854016,35.63384152162885,79.0,79.0,79.0
359,35.602434608046536,35.60243431836962,35.602434897723455,79.0,79.0,79.0
360,36.11024266144313,36.11024230134558,36.11024302154068,79.0,79.0,79.0
361,36.530877475017824,36.53087730367449,36.53087764636116,79.0,79.0,79.0
362,35.55636890411664,35.55636867334423,35.556369134889046,79.0,79.0,79.0
363,35.414062216591375,35.4140619600711,35.41406247311165,79.0,79.0,79.0
364,36.38288890421749,36.3828885604235,36.38288924801147,79.0,79.0,79.0
365,36.27576442498069,36.27576416011386,36.27576468984753,79.0,79.0,79.0
366,36.56495207558888,36.56495177184177,36.564952379335985,79.0,79.0,79.0
367,35.93887272555954,35.93887250088422,35.93887295023486,79.0,79.0,79.0
368,36.45937309324598,36.4593728187609,36.45937336773106,79.0,79.0,79.0
369,35.696297954159,35.696297645459936,35.696298262858065,79.0,79.0,79.0
370,35.23642021496422,35.236419729714726,35.23642070021371,79.0,79.0,79.0
371,35.38808925514324,35.38808898702002,35.388089523266466,79.0,79.0,79.0
372,35.35555398621811,35.35555378414954,35.35555418828668,79.0,79.0,79.0
373,35.948786428037025,35.94878607328555,35.9487867827885,79.0,79.0,79.0
374,36.54483747543194,36.544837256035606,36.544837694828274,79.0,79.0,79.0
375,35.57913348995722,35.57913302416738,35.57913395574706,79.0,79.0,79.0
376,36.267536584538625,36.26753619649226,36.26753697258499,79.0,79.0,79.0
377,36.325818674083656,36.32581834613034,36.32581900203697,79.0,79.0,79.0
378,36.597952475162366,36.59795228566569,36.59795266465904,79.0,79.0,79.0
379,36.551001749789485,36.55100152454354,36.55100197503543,79.0,79.0,79.0
380,36.30811643580763,36.308116224542964,36.30811664707229,79.0,79.0,79.0
381,35.98069464078603,35.98069418575445,35.9806950958176,79.0,79.0,79.0
382,36.410903790141816,36.41090342089205,36.410904159391585,79.0,79.0,79.0
383,35.518264891937946,35.51826464332821,35.51826514054768,79.0,79.0,79.0
384,36.12323064866919,36.12323031058798,36.12323098675041,79.0,79.0,79.0
385,36.57376181975437,36.573761557804765,36.57376208170397,79.0,79.0,79.0
386,36.29759607766755,36.29759572722785,36.29759642810725,79.0,79.0,79.0
387,36.27950933281905,36.27950898018374,36.279509685454364,79.0,79.0,79.0
388,36.037289532962646,36.037289320762426,36.037289745162866,79.0,79.0,79.0
389,35.9129066392063,35.912906197955316,35.91290708045728,79.0,79.0,79.0
390,35.727027414653165,35.72702725130537,35.72702757800096,79.0,79.0,79.0
391,35.47013346994152,35.47013320484204,35.470133735041,79.0,79.0,79.0
392,35.33222740057569,35.33222717734398,35.3322276238074,79.0,79.0,79.0
393,35.85845981624264,35.85845942840079,35.858460204084494,79.0,79.0,79.0
394,35.15444143782728,35.15444120453091,35.15444167112365,79.0,79.0,79.0
395,36.30609750867678,36.30609711757155,36.30609789978201,79.0,79.0,79.0
396,36.531853970032756,36.53185374835359,36.53185419171192,79.0,79.0,79.0
397,36.4904814804546,36.49048117340835,36.49048178750085,79.0,79.0,79.0
398,35.504768813960254,35.50476857434888,35.50476905357163,79.0,79.0,79.0
399,36.49959011780671,36.49958982713998,36.499590408473445,79.0,79.0,79.0
400,35.485385404756435,35.485384999965355,35.485385809547516,79.0,79.0,79.0
401,35.129389813528036,35.129389676740125,35.12938995031595,79.0,79.0,79.0
402,35.3854972012341,35.385496936378516,35.38549746608969,79.0,79.0,79.0
403,36.63780319798165,36.63780285216124,36.63780354380205,79.0,79.0,79.0
404,35.98515943659004,35.98515910209227,35.98515977108781,79.0,79.0,79.0
405,35.48456953179378,35.48456925968217,35.484569803905394,79.0,79.0,79.0
406,36.361200328844674,36.361200011790594,36.361200645898755,79.0,79.0,79.0
407,35.67124006642889,35.67123969982039,35.67124043303738,79.0,79.0,79.0
408,36.571086044387464,36.57108580585687,36.57108628291806,79.0,79.0,79.0
409,36.31128436590258,36.31128391381173,36.31128481799343,79.0,79.0,79.0
410,35.99134701936362,35.99134671959511,35.99134731913214,79.0,79.0,79.0
411,35.69007906446663,35.69007884748206,35.6900792814512,79.0,79.0,79.0
412,36.13574403047096,36.13574380879892,36.135744252143,79.0,79.0,79.0
413,36.412031664907076,36.41203141561013,36.41203191420402,79.0,79.0,79.0
414,35.6767291582476,35.67672880045408,35.67672951604113,79.0,79.0,79.0
415,35.385122619497665,35.385122244463126,35.3851229945322,79.0,79.0,79.0
416,36.20741423278545,36.207414012671464,36.20741445289944,79.0,79.0,79.0
417,36.4160807801124,36.416080512170005,36.4160810480548,79.0,79.0,79.0
418,36.541405669771706,36.541405295857174,36.54140604368624,79.0,79.0,79.0
419,35.74840225537236,35.748401895046584,35.74840261569814,79.0,79.0,79.0
420,35.45983153925492,35.45983128799149,35.45983179051835,79.0,79.0,79.0
421,35.34323145241405,35.343231179190624,35.34323172563748,79.0,79.0,79.0
422,36.569894113828646,36.56989378359199,36.5698944440653,79.0,79.0,79.0
423,35.88064944169197,35.88064910948429,35.880649773899655,79.0,79.0,79.0
424,35.88555569083501,35.88555524662693,35.885556135043096,79.0,79.0,79.0
425,35.42977869302894,35.42977834462674,35.429779041431146,79.0,79.0,79.0
426,36.45345693561607,36.45345659185106,36.45345727938108,79.0,79.0,79.0
427,35.612224441917185,35.61222414063024,35.61222474320413,79.0,79.0,79.0
428,36.32031157392507,36.320311342432035,36.3203118054181,79.0,79.0,79.0
429,36.154656912509104,36.15465669700857,36.15465712800964,79.0,79.0,79.0
430,36.4498430628043,36.44984281035174,36.44984331525686,79.0,79.0,79.0
431,36.64925502609605,36.6492548550176,36.6492551971745,79.0,79.0,79.0
432,35.191784832554944,35.19178458517851,35.19178507993138,79.0,79.0,79.0
433,35.82684431176704,35.82684409219764,35.82684453133644,79.0,79.0,79.0
434,36.194918946936156,36.19491869944911,36.1949191944232,79.0,79.0,79.0
435,35.32920782174915,35.32920742111404,35.32920822238426,79.0,79.0,79.0
436,35.67541839160885,35.67541819143718,35.67541859178052,79.0,79.0,79.0
437,36.250135902207916,36.2501356365334,36.25013616788243,79.0,79.0,79.0
438,35.22800842034989,35.22800812937435,35.22800871132542,79.0,79.0,79.0
439,35.65375585793159,35.65375562555865,35.65375609030453,79.0,79.0,79.0
440,35.95282432161128,35.952823922174815,35.95282472104775,79.0,79.0,79.0
441,36.262209506786,36.26220923070943,36.26220978286257,79.0,79.0,79.0
442,36.26310955183222,36.263109298758316,36.26310980490613,79.0,79.0,79.0
443,35.62548911811497,35.62548880863425,35.62548942759569,79.0,79.0,79.0
444,36.561635771300644,36.56163550428335,36.561636038317936,79.0,79.0,79.0
445,35.28660313075838,35.28660274434928,35.28660351716748,79.0,79.0,79.0
446,35.56641109062072,35.566410878166494,35.56641130307494,79.0,79.0,79.0
447,36.53321267023253,36.53321241914697,36.53321292131809,79.0,79.0,79.0
448,36.39606291927899,36.396062648831425,36.396063189726554,79.0,79.0,79.0
449,35.6246684811866,35.62466828508768,35.62466867728553,79.0,79.0,79.0
450,36.4509778291775,36.45097753234532,36.45097812600969,79.0,79.0,79.0
451,36.35273627944004,36.35273595223193,36.35273660664814,79.0,79.0,79.0
452,36.323999215490545,36.32399892111113,36.323999509869964,79.0,79.0,79.0
453,36.307218750580574,36.30721847162525,36.3072190295359,79.0,79.0,79.0
454,36.37131890959035,36.371318558266935,36.371319260913765,79.0,79.0,79.0
455,36.15849768811425,36.158497379124086,36.15849799710442,79.0,79.0,79.0
456,35.85148528153793,35.85148498713832,35.851485575937545,79.0,79.0,79.0
457,36.29285801656974,36.29285757063886,36.29285846250062,79.0,79.0,79.0
458,35.23752983781294,35.2375294771648,35.23753019846109,79.0,79.0,79.0
459,35.36127977323933,35.36127953400266,35.361280012476,79.0,79.0,79.0
460,35.19032946981203,35.19032921338331,35.19032972624075,79.0,79.0,79.0
461,36.042967855410936,36.042967506298844,36.04296820452303,79.0,79.0,79.0
462,35.31789168722641,35.31789130358525,35.317892070867565,79.0,79.0,79.0
463,36.368314498157886,36.36831413863178,36.36831485768399,79.0,79.0,79.0
464,36.1571691878534,36.1571688475189,36.15716952818789,79.0,79.0,79.0
465,35.4844846107209,35.48448435835018,35.484484863091616,79.0,79.0,79.0
466,35.973572903867954,35.97357263480727,35.97357317292864,79.0,79.0,79.0
467,35.37627502824538,35.37627479361326,35.3762752628775,79.0,79.0,79.0
468,36.457679138912894,36.45767899233944,36.45767928548635,79.0,79.0,79.0
469,36.36361959608845,36.36361921513492,36.36361997704198,79.0,79.0,79.0
470,36.08915621174338,36.08915592757375,36.08915649591301,79.0,79.0,79.0
471,36.494525095985196,36.49452469939245,36.49452549257794,79.0,79.0,79.0
472,35.94556339011671,35.94556303878013,35.94556374145329,79.0,79.0,79.0
473,36.37476186346836,36.374761569582155,36.37476215735456,79.0,79.0,79.0
474,36.26257872508051,36.26257832058394,36.26257912957708,79.0,79.0,79.0
475,35.30761328404053,35.30761310065514,35.30761346742592,79.0,79.0,79.0
476,36.240506474134655,36.240506052219494,36.240506896049816,79.0,79.0,79.0
477,36.09117921536941,36.09117885747015,36.09117957326867,79.0,79.0,79.0
478,35.57369474622492,35.57369439409457,35.57369509835528,79.0,79.0,79.0
479,36.082828817721186,36.08282862939555,36.08282900604682,79.0,79.0,79.0
480,36.50304692091707,36.503046657121395,36.50304718471275,79.0,79.0,79.0
481,35.1681010942333,35.1681009065128,35.1681012819538,79.0,79.0,79.0
482,36.392233290745374,36.392232993816336,36.39223358767441,79.0,79.0,79.0
483,35.260921334274684,35.26092079922962,35.260921869319745,79.0,79.0,79.0
484,36.5019598022963,36.50195943692781,36.501960167664784,79.0,79.0,79.0
485,35.65900215223575,35.65900186868656,35.65900243578494,79.0,79.0,79.0
486,35.248891047918455,35.24889066320008,35.24889143263683,79.0,79.0,79.0
487,36.23348320975828,36.23348292525268,36.233483494263886,79.0,79.0,79.0
488,35.201596533593076,35.20159628512942,35.20159678205673,79.0,79.0,79.0
489,36.553826342301015,36.55382606303899,36.55382662156304,79.0,79.0,79.0
490,36.51959525861849,36.51959500924289,36.51959550799408,79.0,79.0,79.0
491,36.46042950358242,36.460429329926825,36.46042967723801,79.0,79.0,79.0
492,35.47060989703123,35.470609610144535,35.47061018391793,79.0,79.0,79.0
493,35.89605069348517,35.89605021029979,35.896051176670554,79.0,79.0,79.0
494,36.02520635646159,36.02520604404404,36.025206668879136,79.0,79.0,79.0
495,35.43437480697265,35.43437448371885,35.43437513022645,79.0,79.0,79.0
496,35.2889509039143,35.288950571935,35.2889512358936,79.0,79.0,79.0
497,35.309347642442354,35.30934736331225,35.30934792157246,79.0,79.0,79.0
498,36.069706628600564,36.069706220171696,36.06970703702943,79.0,79.0,79.0
499,35.99757410827666,35.99757380269934,35.997574413853975,79.0,79.0,79.0
500,35.99296973970755,35.99296954850229,35.99296993091281,79.0,79.0,79.0
501,35.86682674374718,35.86682630090212,35.866827186592246,79.0,79.0,79.0
502,36.06908091807809,36.06908064329451,36.069081192861674,79.0,79.0,79.0
503,35.86925062981363,35.869250218875,35.86925104075225,79.0,79.0,79.0
504,36.24558472147999,36.24558442834476,36.24558501461522,79.0,79.0,79.0
505,35.685487826283165,35.68548750045862,35.68548815210771,79.0,79.0,79.0
506,35.2087788897065,35.208778600713586,35.208779178699416,79.0,79.0,79.0
507,35.36559085010622,35.36559063587676,35.36559106433569,79.0,79.0,79.0
508,36.13379912302704,36.13379883744332,36.133799408610756,79.0,79.0,79.0
509,35.37729221482117,35.37729192095465,35.37729250868769,79.0,79.0,79.0
510,36.37189882744748,36.37189853165617,36.37189912323879,79.0,79.0,79.0
511,36.55352455839658,36.55352422683475,36.55352488995841,79.0,79.0,79.0
512,35.90659025572957,35.90658998356365,35.90659052789549,79.0,79.0,79.0
513,36.12805132336395,36.12805103098413,36.128051615743765,79.0,79.0,79.0
514,35.961898848566655,35.961898484978875,35.961899212154435,79.0,79.0,79.0
515,36.15150425765359,36.15150402636851,36.15150448893868,79.0,79.0,79.0
516,35.151728145348336,35.15172780176232,35.15172848893435,79.0,79.0,79.0
517,35.13061102751929,35.13061063857205,35.130611416466536,79.0,79.0,79.0
518,35.84905356876194,35.84905329643552,35.849053841088356,79.0,79.0,79.0
519,35.96160605673391,35.96160586274021,35.96160625072762,79.0,79.0,79.0
520,35.697191866293835,35.69719145039272,35.69719228219495,79.0,79.0,79.0
521,35.228091577497814,35.22809119050036,35.22809196449527,79.0,79.0,79.0
522,36.01000242786876,36.0100021321474,36.01000272359013,79.0,79.0,79.0
523,36.478147086221725,36.47814687386125,36.4781472985822,79.0,79.0,79.0
524,36.139636017738106,36.13963577780638,36.13963625766983,79.0,79.0,79.0
525,35.68554405975514,35.68554384179539,35.68554427771488,79.0,79.0,79.0
526,36.17837209443454,36.17837196777547,36.17837222109362,79.0,79.0,79.0
527,36.12225916042427,36.12225878082182,36.122259540026725,79.0,79.0,79.0
528,36.60011470500523,36.60011443148771,36.600114978522754,79.0,79.0,79.0
529,35.57671192768388,35.57671169733712,35.576712158030645,79.0,79.0,79.0
530,35.28219051709255,35.28219012977283,35.282190904412275,79.0,79.0,79.0
531,35.56464961106674,35.564649283121724,35.56464993901176,79.0,79.0,79.0
532,35.89729537673366,35.89729511318591,35.897295640281406,79.0,79.0,79.0
533,36.00371342235639,36.0037131619476,36.00371368276518,79.0,79.0,79.0
534,36.027286534502096,36.027286325403246,36.027286743600946,79.0,79.0,79.0
535,35.63200350686048,35.632003211387946,35.63200380233301,79.0,79.0,79.0
536,35.891400368740925,35.89140010999853,35.89140062748332,79.0,79.0,79.0
537,35.80379850349318,35.8037983102913,35.803798696695054,79.0,79.0,79.0
538,35.51287111776093,35.51287072743059,35.51287150809127,79.0,79.0,79.0
539,36.36051784398464,36.36051759646475,36.360518091504524,79.0,79.0,79.0
540,35.56286442111461,35.56286425876312,35.5628645834661,79.0,79.0,79.0
541,36.04251104169704,36.042510721770654,36.042511361623426,79.0,79.0,79.0
542,36.17680744910523,36.17680708524777,36.17680781296269,79.0,79.0,79.0
543,36.082769217209155,36.08276898114648,36.08276945327183,79.0,79.0,79.0
544,36.37529696074601,36.37529670387157,36.37529721762046,79.0,79.0,79.0
545,36.18016897490284,36.18016869863128,36.180169251174405,79.0,79.0,79.0
546,35.464847353860165,35.4648468502997,35.46484785742063,79.0,79.0,79.0
547,36.33630866301246,36.33630838579971,36.33630894022521,79.0,79.0,79.0
548,35.230598345183985,35.23059792110584,35.23059876926213,79.0,79.0,79.0
549,35.47332693822682,35.47332655525049,35.47332732120315,79.0,79.0,79.0
550,35.985004724272024,35.9850044783963,35.98500497014775,79.0,79.0,79.0
551,36.53381657453541,36.53381633292282,36.533816816148,79.0,79.0,79.0
552,36.49874940983808,36.498749104126816,36.49874971554934,79.0,79.0,79.0
553,35.8801048287692,35.88010450589564,35.88010515164276,79.0,79.0,79.0
554,36.307321326825054,36.307321127030306,36.3073215266198,79.0,79.0,79.0
555,35.981957852115066,35.981957560021584,35.98195814420855,79.0,79.0,79.0
556,35.19134648115589,35.191346059004815,35.191346903306965,79.0,79.0,79.0
557,35.815787941898,35.81578773954472,35.815788144251286,79.0,79.0,79.0
558,36.19114192054034,36.19114159258827,36.19114224849241,79.0,79.0,79.0
559,35.390323012780684,35.3903227781342,35.39032324742717,79.0,79.0,79.0
560,36.10852162788957,36.1085214074133,36.10852184836585,79.0,79.0,79.0
561,35.64494573819236,35.64494552583577,35.64494595054895,79.0,79.0,79.0
562,36.43505096689869,36.435050615062146,36.43505131873524,79.0,79.0,79.0
563,35.47301644222954,35.47301615432521,35.47301673013388,79.0,79.0,79.0
564,35.59780837495167,35.597808124427374,35.59780862547596,79.0,79.0,79.0
565,36.351364897850615,36.35136464263205,36.35136515306918,79.0,79.0,79.0
566,35.46397568629338,35.463975427529185,35.46397594505758,79.0,79.0,79.0
567,35.725107826113415,35.72510759689375,35.72510805533308,79.0,79.0,79.0
568,36.37951911203205,36.379518891740155,36.379519332323945,79.0,79.0,79.0
569,36.635451704800985,36.635451435461306,36.635451974140665,79.0,79.0,79.0
570,35.163443324657585,35.16344293734131,35.16344371197386,79.0,79.0,79.0
571,36.55878086556466,36.558780432781596,36.55878129834772,79.0,79.0,79.0
572,35.586701019237246,35.58670076026454,35.58670127820995,79.0,79.0,79.0
573,36.56807033140929,36.56807008911285,36.568070573705725,79.0,79.0,79.0
574,35.77598295808555,35.775982643459564,35.775983272711535,79.0,79.0,79.0
575,36.63739796738642,36.63739774525234,36.637398189520496,79.0,79.0,79.0
576,36.42796259412829,36.4279623111232,36.427962877133375,79.0,79.0,79.0
577,36.00364215542168,36.003641860732095,36.003642450111265,79.0,79.0,79.0
578,36.478520498396115,36.47852021699318,36.47852077979905,79.0,79.0,79.0
579,35.6714792144843,35.67147895813335,35.67147947083525,79.0,79.0,79.0
580,35.57320805975738,35.57320784954459,35.573208269970166,79.0,79.0,79.0
581,36.18540651176143,36.18540624686745,36.185406776655405,79.0,79.0,79.0
582,36.61833485219484,36.618334626341515,36.61833507804817,79.0,79.0,79.0
583,35.65591285872058,35.65591245243854,35.655913265002624,79.0,79.0,79.0
584,36.08749078324987,36.08749050796653,36.08749105853321,79.0,79.0,79.0
585,35.52311587931875,35.523115677278064,35.52311608135944,79.0,79.0,79.0
586,35.771008714173846,35.77100834906493,35.77100907928276,79.0,79.0,79.0
587,35.46725745112277,35.46725712661561,35.46725777562993,79.0,79.0,79.0
588,35.88447269498227,35.88447243881538,35.884472951149164,79.0,79.0,79.0
589,36.20583307323082,36.20583255045929,36.20583359600235,79.0,79.0,79.0
590,36.46957092323842,36.46957053822778,36.469571308249066,79.0,79.0,79.0
591,35.7965817062829,35.79658127908818,35.79658213347762,79.0,79.0,79.0
592,35.47733259179558,35.477332320998514,35.47733286259265,79.0,79.0,79.0
593,36.61599573833295,36.615995542805585,36.61599593386031,79.0,79.0,79.0
594,35.168799290146964,35.16879902562199,35.168799554671935,79.0,79.0,79.0
595,35.8976477115021,35.8976473400833,35.8976480829209,79.0,79.0,79.0
596,35.41192357313748,35.41192332496138,35.41192382131358,79.0,79.0,79.0
597,35.35733081686955,35.357330614358006,35.35733101938109,79.0,79.0,79.0
598,35.67601615595273,35.67601579862417,35.67601651328129,79.0,79.0,79.0
599,35.43968479693509,35.43968457757449,35.43968501629569,79.0,79.0,79.0
600,36.531795372290965,36.53179500647614,36.53179573810579,79.0,79.0,79.0
601,35.91087381498745,35.91087345759429,35.9108741723806,79.0,79.0,79.0
602,35.50618224555197,35.506181990871156,35.50618250023278,79.0,79.0,79.0
603,36.18311975839046,36.18311943936365,36.18312007741727,79.0,79.0,79.0
604,36.65175506064239,36.6517548281578,36.651755293126975,79.0,79.0,79.0
605,35.73957454148107,35.739574241292416,35.73957484166972,79.0,79.0,79.0
606,35.34851887793495,35.348518537595794,35.348519218274106,79.0,79.0,79.0
607,35.997892947419764,35.997892623187155,35.99789327165237,79.0,79.0,79.0
608,36.13552448467593,36.13552419674307,36.1355247726088,79.0,79.0,79.0
609,36.27407412087688,36.27407382722847,36.274074414525295,79.0,79.0,79.0
610,35.65723557759506,35.65723535022099,35.65723580496913,79.0,79.0,79.0
611,35.674311846673774,35.67431146355624,35.674312229791305,79.0,79.0,79.0
612,35.47821671773608,35.478216317578024,35.47821711789414,79.0,79.0,79.0
613,36.19741769920354,36.197417357920955,36.19741804048613,79.0,79.0,79.0
614,35.796725452805944,35.796725058682945,35.79672584692894,79.0,79.0,79.0
615,36.36065982982445,36.36065958318968,36.36066007645922,79.0,79.0,79.0
616,35.51230912784544,35.51230879494834,35.51230946074254,79.0,79.0,79.0
617,35.83049244727366,35.83049226649799,35.830492628049335,79.0,79.0,79.0
618,36.43606239761441,36.43606200976616,36.43606278546265,79.0,79.0,79.0
619,36.164561759810354,36.164561494015494,36.164562025605214,79.0,79.0,79.0
620,35.21087448076847,35.21087427468538,35.210874686851554,79.0,79.0,79.0
621,36.29516160479174,36.29516117826053,36.295162031322945,79.0,79.0,79.0
622,35.8962241432343,35.89622390862938,35.89622437783922,79.0,79.0,79.0
623,35.18669344628086,35.18669301739126,35.18669387517046,79.0,79.0,79.0
624,36.537351868115366,36.53735148725423,36.537352248976504,79.0,79.0,79.0
625,35.390040367770084,35.39004013812647,35.390040597413694,79.0,79.0,79.0
626,36.1318044544717,36.13180416320445,36.13180474573895,79.0,79.0,79.0
627,35.272580050863326,35.27257977274371,35.27258032898294,79.0,79.0,79.0
628,35.131384674674614,35.131384501557974,35.13138484779125,79.0,79.0,79.0
629,35.3096626711866,35.30966240902593,35.30966293334727,79.0,79.0,79.0
630,36.00667809551725,36.00667776242686,36.00667842860764,79.0,79.0,79.0
631,35.71300312006273,35.713002699008676,35.713003541116784,79.0,79.0,79.0
632,36.2951824419881,36.29518217542594,36.295182708550264,79.0,79.0,79.0
633,36.144908004986625,36.14490765178705,36.1449083581862,79.0,79.0,79.0
634,36.496040508115236,36.496040033140986,36.496040983089486,79.0,79.0,79.0
635,36.22225085080852,36.22225062988949,36.222251071727555,79.0,79.0,79.0
636,36.56920029165653,36.5691999596616,36.569200623651454,79.0,79.0,79.0
637,35.90506918312838,35.90506894054338,35.905069425713386,79.0,79.0,79.0
638,35.309649714913505,35.3096493695464,35.30965006028061,79.0,79.0,79.0
639,35.476668566035535,35.476668326554346,35.476668805516724,79.0,79.0,79.0
640,35.5974737131395,35.59747336142582,35.59747406485318,79.0,79.0,79.0
641,36.19629627256654,36.196296058957394,36.19629648617569,79.0,79.0,79.0
642,35.70055064007353,35.70055036841879,35.70055091172827,79.0,79.0,79.0
643,36.511520149007154,36.5115197235292,36.51152057448511,79.0,79.0,79.0
644,36.192074464651974,36.19207410298856,36.192074826315384,79.0,79.0,79.0
645,36.42257986515044,36.422579595035614,36.422580135265264,79.0,79.0,79.0
646,35.40092758411685,35.40092725908915,35.40092790914455,79.0,79.0,79.0
647,35.84972704227011,35.84972670317217,35.84972738136805,79.0,79.0,79.0
648,36.401064911248305,36.40106459837033,36.40106522412628,79.0,79.0,79.0
649,36.050965783499684,36.05096554883436,36.050966018165006,79.0,79.0,79.0
650,36.49641560265221,36.496415202379715,36.49641600292471,79.0,79.0,79.0
651,36.37439331632609,36.37439305751833,36.37439357513385,79.0,79.0,79.0
652,36.340563691292814,36.340563336239896,36.34056404634573,79.0,79.0,79.0
653,35.41125077904704,35.41125043048432,35.41125112760975,79.0,79.0,79.0
654,35.14695488618543,35.146954656408745,35.14695511596212,79.0,79.0,79.0
655,35.9868809965063,35.98688066808688,35.98688132492572,79.0,79.0,79.0
656,36.23325717892462,36.23325695262319,36.23325740522605,79.0,79.0,79.0
657,36.614012146977565,36.614011814739996,36.614012479215134,79.0,79.0,79.0
658,36.0986398572982,36.09863965857727,36.098640056019136,79.0,79.0,79.0
659,35.85357088780102,35.85357042135461,35.85357135424743,79.0,79.0,79.0
660,35.1718823566603,35.1718821305476,35.171882582772994,79.0,79.0,79.0
661,36.58271405874537,36.582713801643465,36.58271431584727,79.0,79.0,79.0
662,35.478405230750255,35.478404902701016,35.478405558799494,79.0,79.0,79.0
663,35.47929174374216,35.47929140399253,35.47929208349179,79.0,79.0,79.0
664,36.16275868701408,36.16275831659719,36.162759057430975,79.0,79.0,79.0
665,36.5275664682715,36.52756619218762,36.52756674435538,79.0,79.0,79.0
666,35.248980787725976,35.248980522818286,35.24898105263367,79.0,79.0,79.0
667,36.64348422284596,36.64348386368627,36.643484582005655,79.0,79.0,79.0
668,35.68815591060915,35.68815555707319,35.68815626414511,79.0,79.0,79.0
669,35.1419950500847,35.14199476674463,35.141995333424774,79.0,79.0,79.0
670,35.39214274344536,35.39214247571382,35.392143011176906,79.0,79.0,79.0
671,36.27096949537428,36.2709690725465,36.27096991820206,79.0,79.0,79.0
672,35.29286599904299,35.29286568937729,35.29286630870869,79.0,79.0,79.0
673,36.260366966222556,36.26036663635164,36.26036729609347,79.0,79.0,79.0
674,35.238502426216236,35.23850218820018,35.23850266423229,79.0,79.0,79.0
675,35.70254654315515,35.702546166021364,35.70254692028894,79.0,79.0,79.0
676,35.24578387942165,35.2457834984474,35.2457842603959,79.0,79.0,79.0
677,36.5108038360038,36.51080358348147,36.510804088526136,79.0,79.0,79.0
678,35.187630916659074,35.18763060692996,35.18763122638819,79.0,79.0,79.0
679,35.24414793545237,35.24414763063941,35.244148240265325,79.0,79.0,79.0
680,36.42420151561069,36.424201242831906,36.424201788389475,79.0,79.0,79.0
681,36.49398964768849,36.4939893458734,36.49398994950357,79.0,79.0,79.0
682,36.49896932712112,36.498969038422565,36.49896961581967,79.0,79.0,79.0
683,36.60930336839878,36.609303164221274,36.60930357257628,79.0,79.0,79.0
684,36.522253059495526,36.522252770375644,36.52225334861541,79.0,79.0,79.0
685,36.15687034357017,36.15687002145893,36.15687066568141,79.0,79.0,79.0
686,35.809678714256734,35.80967837614983,35.809679052363634,79.0,79.0,79.0
687,36.507249408007524,36.5072491647902,36.507249651224846,79.0,79.0,79.0
688,35.463647160464184,35.46364679862738,35.46364752230099,79.0,79.0,79.0
689,35.52988771786197,35.52988735353704,35.52988808218689,79.0,79.0,79.0
690,35.43273757183208,35.43273722255939,35.43273792110477,79.0,79.0,79.0
691,36.33739891397552,36.33739855972808,36.33739926822296,79.0,79.0,79.0
692,36.05983189616549,36.05983157537476,36.059832216956224,79.0,79.0,79.0
693,35.68457563131904,35.684575263026524,35.68457599961156,79.0,79.0,79.0
694,35.58746876961623,35.58746845678772,35.58746908244474,79.0,79.0,79.0
695,35.71872200530309,35.71872151336391,35.718722497242275,79.0,79.0,79.0
696,36.178408409030034,36.178408108052714,36.17840871000735,79.0,79.0,79.0
697,36.00879258859473,36.008792183277755,36.008792993911705,79.0,79.0,79.0
698,36.5663122814865,36.566311963196156,36.56631259977685,79.0,79.0,79.0
699,36.585647461506035,36.58564724887612,36.58564767413595,79.0,79.0,79.0
700,36.47522770695818,36.475227277945166,36.47522813597119,79.0,79.0,79.0
701,35.9624741443415,35.96247383804919,35.962474450633806,79.0,79.0,79.0
702,36.36481199864871,36.364811696561055,36.36481230073637,79.0,79.0,79.0
703,36.46282952063932,36.46282918686805,36.462829854410586,79.0,79.0,79.0
704,36.039290634870454,36.03929019768382,36.03929107205709,79.0,79.0,79.0
705,35.8403159953618,35.840315702991404,35.84031628773219,79.0,79.0,79.0
706,36.59555847907009,36.59555810127957,36.59555885686061,79.0,79.0,79.0
707,36.18185319899707,36.181852810834336,36.1818535871598,79.0,79.0,79.0
708,35.71141021548269,35.71140994384831,35.711410487117064,79.0,79.0,79.0
709,35.35233956374801,35.35233926685282,35.3523398606432,79.0,79.0,79.0
710,35.16941868356214,35.16941836055224,35.16941900657204,79.0,79.0,79.0
711,35.26666769449814,35.266667484303646,35.26666790469263,79.0,79.0,79.0
712,36.24817649438941,36.248176310122524,36.2481766786563,79.0,79.0,79.0
713,36.116777940351035,36.1167776493596,36.11677823134247,79.0,79.0,79.0
714,36.310863403746716,36.310863186223926,36.310863621269505,79.0,79.0,79.0
715,35.93897251204516,35.93897216654908,35.938972857541245,79.0,79.0,79.0
716,35.72266253363341,35.72266220061939,35.72266286664743,79.0,79.0,79.0
717,35.80101859300899,35.8010183354195,35.80101885059848,79.0,79.0,79.0
718,35.93926636700948,35.93926611370285,35.93926662031611,79.0,79.0,79.0
719,35.51589084696025,35.51589057139213,35.515891122528366,79.0,79.0,79.0
720,36.088061473688306,36.088061101996054,36.08806184538056,79.0,79.0,79.0
721,35.694126676768064,35.69412639110557,35.69412696243056,79.0,79.0,79.0
722,36.524081683610206,36.524081339185074,36.52408202803534,79.0,79.0,79.0
723,36.62297576945275,36.622975499924365,36.622976038981136,79.0,79.0,79.0
724,36.403085198951885,36.403084838632395,36.403085559271375,79.0,79.0,79.0
725,35.679352920788986,35.6793526690823,35.679353172495674,79.0,79.0,79.0
726,35.87937723071529,35.879376895224496,35.87937756620609,79.0,79.0,79.0
727,35.52199242013292,35.52199218724429,35.52199265302155,79.0,79.0,79.0
728,35.50947869146386,35.50947844350173,35.509478939425996,79.0,79.0,79.0
729,35.16953184978607,35.169531383604316,35.16953231596782,79.0,79.0,79.0
730,36.20236930865436,36.20236899896086,36.202369618347866,79.0,79.0,79.0
731,35.944047215573775,35.94404686842986,35.94404756271769,79.0,79.0,79.0
732,35.16972655738489,35.16972629179565,35.169726822974134,79.0,79.0,79.0
733,35.92948835207006,35.929488101582045,35.929488602558074,79.0,79.0,79.0
734,35.25090513313906,35.25090495331554,35.25090531296257,79.0,79.0,79.0
735,36.21565611418695,36.21565588570419,36.21565634266971,79.0,79.0,79.0
736,36.5362578200248,36.536257575533725,36.53625806451588,79.0,79.0,79.0
737,35.30093909886021,35.30093871701735,35.30093948070307,79.0,79.0,79.0
738,35.411804782011764,35.411804520345136,35.41180504367839,79.0,79.0,79.0
739,36.278135440169045,36.27813522548554,36.27813565485255,79.0,79.0,79.0
740,36.508149624730535,36.508149314857754,36.50814993460332,79.0,79.0,79.0
741,35.92386097317705,35.92386071541608,35.923861230938016,79.0,79.0,79.0
742,35.14090491551906,35.14090459594542,35.140905235092696,79.0,79.0,79.0
743,35.16401249112991,35.164012199112086,35.16401278314773,79.0,79.0,79.0
744,36.044186993372236,36.04418669368154,36.04418729306293,79.0,79.0,79.0
745,35.43206153408839,35.43206127441073,35.43206179376605,79.0,79.0,79.0
746,35.30697485926346,35.306974450227855,35.30697526829907,79.0,79.0,79.0
747,36.20611230198007,36.20611204195006,36.206112562010084,79.0,79.0,79.0
748,36.24207174875595,36.24207155305078,36.24207194446112,79.0,79.0,79.0
749,35.15643503753325,35.15643470272358,35.15643537234292,79.0,79.0,79.0
750,36.64734119710584,36.647340924216365,36.64734146999531,79.0,79.0,79.0
751,35.1516755590072,35.15167535280598,35.151675765208424,79.0,79.0,79.0
752,36.32516423859992,36.32516389971715,36.32516457748269,79.0,79.0,79.0
753,35.82237286693775,35.82237256057165,35.822373173303845,79.0,79.0,79.0
754,36.53025003501143,36.5302497471123,36.530250322910554,79.0,79.0,79.0
755,36.03302311496988,36.03302291475436,36.033023315185396,79.0,79.0,79.0
756,35.35526269308936,35.35526232195572,35.355263064222996,79.0,79.0,79.0
757,35.5195980342105,35.519597573096064,35.51959849532494,79.0,79.0,79.0
758,35.957418880622406,35.95741858668545,35.95741917455936,79.0,79.0,79.0
759,36.09102709396617,36.09102689844072,36.09102728949162,79.0,79.0,79.0
760,35.34286632668227,35.34286613746663,35.34286651589791,79.0,79.0,79.0
761,36.04441051180653,36.044410194362065,36.044410829251,79.0,79.0,79.0
762,35.46057873763717,35.460578489622506,35.460578985651836,79.0,79.0,79.0
763,35.953116453127365,35.95311616644816,35.95311673980657,79.0,79.0,79.0
764,36.149131748744715,36.14913145182616,36.14913204566327,79.0,79.0,79.0
765,36.290300263253116,36.29029998743444,36.290300539071794,79.0,79.0,79.0
766,35.838308719148,35.83830842656301,35.838309011732996,79.0,79.0,79.0
767,36.33844809038923,36.338447739137514,36.33844844164094,79.0,79.0,79.0
768,35.52339195008748,35.523391646326736,35.52339225384822,79.0,79.0,79.0
769,36.13181158625342,36.13181127259195,36.13181189991489,79.0,79.0,79.0
770,35.99273276928132,35.992732428431765,35.99273311013087,79.0,79.0,79.0
771,35.6219350308753,35.62193469781588,35.62193536393472,79.0,79.0,79.0
772,35.4219919490413,35.421991645889456,35.42199225219314,79.0,79.0,79.0
773,35.25651634964519,35.256516063959495,35.25651663533088,79.0,79.0,79.0
774,36.419659968913315,36.41965961083645,36.41966032699018,79.0,79.0,79.0
775,35.87246364133003,35.872463188365856,35.8724640942942,79.0,79.0,79.0
776,36.41623076930857,36.4162304421593,36.416231096457835,79.0,79.0,79.0
777,36.493921069105944,36.49392087606569,36.4939212621462,79.0,79.0,79.0
778,36.31273120045304,36.31273090965227,36.31273149125381,79.0,79.0,79.0
779,36.51983740814747,36.51983708542833,36.519837730866605,79.0,79.0,79.0
780,35.96672681080572,35.96672645245878,35.966727169152655,79.0,79.0,79.0
781,36.31720015499741,36.31719985642317,36.317200453571644,79.0,79.0,79.0
782,35.281826091357146,35.28182581723548,35.281826365478814,79.0,79.0,79.0
783,36.517259218658396,36.51725880150709,36.5172596358097,79.0,79.0,79.0
784,35.35640310997573,35.35640269901708,35.35640352093438,79.0,79.0,79.0
785,36.18269869584429,36.18269825148696,36.18269914020161,79.0,79.0,79.0
786,35.75625134442145,35.756250960666975,35.756251728175926,79.0,79.0,79.0
787,36.33524832473351,36.33524820900708,36.33524844045995,79.0,79.0,79.0
788,35.81579211746486,35.81579176765162,35.8157924672781,79.0,79.0,79.0
789,35.31064498180953,35.310644675909124,35.31064528770994,79.0,79.0,79.0
790,35.52968940883875,35.52968911063301,35.52968970704449,79.0,79.0,79.0
791,35.30526095621575,35.30526066580056,35.305261246630934,79.0,79.0,79.0
792,36.38495480421429,36.38495456720407,36.38495504122451,79.0,79.0,79.0
793,35.73326615294298,35.73326588425195,35.73326642163401,79.0,79.0,79.0
794,35.331622582788654,35.331622307493916,35.33162285808339,79.0,79.0,79.0
795,36.45812512443472,36.45812477161266,36.458125477256786,79.0,79.0,79.0
796,35.945253381487696,35.94525320016707,35.94525356280832,79.0,79.0,79.0
797,36.55754470714153,36.55754440563592,36.55754500864714,79.0,79.0,79.0
798,36.05170300757387,36.05170283153837,36.05170318360937,79.0,79.0,79.0
799,36.096909396885444,36.09690908431513,36.09690970945576,79.0,79.0,79.0
800,36.518046915961,36.51804651801206,36.51804731390994,79.0,79.0,79.0
801,35.2576934321282,35.25769307720098,35.257693787055416,79.0,79.0,79.0
802,35.88865383085795,35.88865337494486,35.888654286771036,79.0,79.0,79.0
803,35.41910205516391,35.41910168389181,35.41910242643601,79.0,79.0,79.0
804,35.75651823009293,35.75651788593729,35.75651857424857,79.0,79.0,79.0
805,36.10272937103806,36.10272904882468,36.10272969325144,79.0,79.0,79.0
806,35.28609640523791,35.28609608163004,35.286096728845784,79.0,79.0,79.0
807,35.27431927564052,35.274318932172996,35.27431961910805,79.0,79.0,79.0
808,35.68471262951453,35.68471241466704,35.68471284436202,79.0,79.0,79.0
809,36.07102912555162,36.0710288116763,36.07102943942694,79.0,79.0,79.0
810,36.45282254851638,36.452822161724654,36.452822935308106,79.0,79.0,79.0
811,36.32998606978128,36.329985761269896,36.32998637829266,79.0,79.0,79.0
812,36.60774272125071,36.60774245828951,36.60774298421191,79.0,79.0,79.0
813,35.24073171737389,35.240731271629784,35.240732163118,79.0,79.0,79.0
814,35.52755401684688,35.527553637147015,35.52755439654674,79.0,79.0,79.0
815,35.38974944989268,35.38974916682267,35.3897497329627,79.0,79.0,79.0
816,35.58428052981169,35.584280319853974,35.58428073976941,79.0,79.0,79.0
817,36.38807645495623,36.38807601154479,36.388076898367665,79.0,79.0,79.0
818,35.740607803651635,35.740607413792965,35.740608193510305,79.0,79.0,79.0
819,36.048481057872635,36.04848078767405,36.04848132807122,79.0,79.0,79.0
820,35.80891980266628,35.80891949068465,35.80892011464791,79.0,79.0,79.0
821,36.54338905455258,36.5433887617984,36.54338934730676,79.0,79.0,79.0
822,35.68604713871788,35.68604683436925,35.68604744306651,79.0,79.0,79.0
823,35.85463139665528,35.85463111785529,35.854631675455266,79.0,79.0,79.0
824,36.36389001118592,36.36388964504145,36.36389037733039,79.0,79.0,79.0
825,36.41193037587576,36.41193012376121,36.411930627990316,79.0,79.0,79.0
826,36.2644420466744,36.26444176414192,36.26444232920687,79.0,79.0,79.0
827,35.47686742847929,35.476867123308224,35.47686773365035,79.0,79.0,79.0
828,35.26818164230253,35.268181425687615,35.268181858917444,79.0,79.0,79.0
829,36.21879741871873,36.218797214087786,36.21879762334967,79.0,79.0,79.0
830,35.7006050115093,35.700604618834525,35.70060540418408,79.0,79.0,79.0
831,35.1648867959873,35.16488649929228,35.16488709268232,79.0,79.0,79.0
832,36.16376046721304,36.16376014267025,36.16376079175583,79.0,79.0,79.0
833,35.82405369325828,35.82405342977733,35.82405395673923,79.0,79.0,79.0
834,36.1462171566001,36.1462169630253,36.1462173501749,79.0,79.0,79.0
835,36.27453007097714,36.27452974712782,36.27453039482646,79.0,79.0,79.0
836,36.19407494059011,36.19407471021846,36.19407517096177,79.0,79.0,79.0
837,36.174817197812864,36.17481687625053,36.174817519375196,79.0,79.0,79.0
838,36.23202494394858,36.23202467012199,36.232025217775174,79.0,79.0,79.0
839,35.79630767500315,35.79630739297856,35.796307957027736,79.0,79.0,79.0
840,36.215562581066756,36.21556228401234,36.21556287812117,79.0,79.0,79.0
841,36.131267494210846,36.13126702285987,36.13126796556182,79.0,79.0,79.0
842,36.249493413730164,36.24949312233266,36.24949370512767,79.0,79.0,79.0
843,36.35799590473135,36.35799560903479,36.357996200427905,79.0,79.0,79.0
844,35.24645881899274,35.24645845121114,35.246459186774345,79.0,79.0,79.0
845,35.72302753209638,35.723027315367716,35.72302774882505,79.0,79.0,79.0
846,36.48123639041128,36.48123620931337,36.48123657150919,79.0,79.0,79.0
847,35.17184082726733,35.17184052827443,35.17184112626023,79.0,79.0,79.0
848,36.31903708240805,36.319036956367434,36.31903720844867,79.0,79.0,79.0
849,35.41388012741048,35.41387984078966,35.4138804140313,79.0,79.0,79.0
850,35.22397177609113,35.22397144000396,35.22397211217831,79.0,79.0,79.0
851,36.13028987793503,36.13028953630546,36.13029021956459,79.0,79.0,79.0
852,36.27506831084163,36.275068066228314,36.27506855545495,79.0,79.0,79.0
853,35.68074410297693,35.68074376870819,35.68074443724567,79.0,79.0,79.0
854,36.200627205875485,36.20062702137761,36.200627390373356,79.0,79.0,79.0
855,35.99837225389918,35.99837205514354,35.99837245265481,79.0,79.0,79.0
856,36.59459246472957,36.594592242817875,36.59459268664127,79.0,79.0,79.0
857,36.562737334018145,36.56273709453451,36.56273757350178,79.0,79.0,79.0
858,36.48879318250916,36.488792964463876,36.48879340055445,79.0,79.0,79.0
859,35.58814694728846,35.58814657559751,35.5881473189794,79.0,79.0,79.0
860,35.23618612624705,35.23618573838932,35.23618651410478,79.0,79.0,79.0
861,36.03843453327248,36.03843407441129,36.038434992133666,79.0,79.0,79.0
862,35.94736879464024,35.94736842225642,35.947369167024064,79.0,79.0,79.0
863,35.8157924932177,35.81579209280434,35.81579289363106,79.0,79.0,79.0
864,35.682864586715226,35.682864376080566,35.682864797349886,79.0,79.0,79.0
865,36.63098851670153,36.630988178542125,36.63098885486093,79.0,79.0,79.0
866,36.283948212718734,36.283947764351225,36.28394866108624,79.0,79.0,79.0
867,36.59510787529871,36.5951076837872,36.59510806681022,79.0,79.0,79.0
868,35.814274600975644,35.81427433734272,35.81427486460857,79.0,79.0,79.0
869,36.434832043050285,36.43483173002227,36.4348323560783,79.0,79.0,79.0
870,36.457078373955135,36.45707796705597,36.457078780854296,79.0,79.0,79.0
871,35.79846919170366,35.79846886542751,35.79846951797981,79.0,79.0,79.0
872,35.49134544684337,35.491345167300395,35.49134572638634,79.0,79.0,79.0
873,35.34805212664203,35.34805166365683,35.34805258962723,79.0,79.0,79.0
874,35.24834145555416,35.248341215739714,35.24834169536861,79.0,79.0,79.0
875,36.32728418695311,36.32728385286713,36.32728452103908,79.0,79.0,79.0
876,35.69303083806657,35.693030711340555,35.693030964792584,79.0,79.0,79.0
877,35.80426623819109,35.80426595278137,35.80426652360081,79.0,79.0,79.0
878,35.25158129840229,35.2515810434901,35.25158155331449,79.0,79.0,79.0
879,36.177945874595586,36.17794552689826,36.17794622229291,79.0,79.0,79.0
880,36.507841080821194,36.50784082109791,36.50784134054448,79.0,79.0,79.0
881,36.64108070004015,36.64108039730149,36.64108100277881,79.0,79.0,79.0
882,36.55889777889332,36.55889749105933,36.55889806672731,79.0,79.0,79.0
883,35.855974274383,35.85597389711553,35.85597465165047,79.0,79.0,79.0
884,35.47036130296496,35.47036085759864,35.47036174833128,79.0,79.0,79.0
885,36.35349451902752,36.353494170064344,36.3534948679907,79.0,79.0,79.0
886,35.702546604837366,35.702546335886574,35.70254687378816,79.0,79.0,79.0
887,35.812806407222524,35.81280602244569,35.81280679199936,79.0,79.0,79.0
888,36.287246278290134,36.287246076721,36.28724647985927,79.0,79.0,79.0
889,36.4744450552389,36.47444482037596,36.47444529010185,79.0,79.0,79.0
890,35.76436272782918,35.76436232340197,35.76436313225639,79.0,79.0,79.0
891,35.71213460724371,35.71213436060764,35.71213485387978,79.0,79.0,79.0
892,35.644554058555514,35.64455354715589,35.64455456995514,79.0,79.0,79.0
893,35.28002126736996,35.28002090103821,35.28002163370171,79.0,79.0,79.0
894,35.47940838021728,35.479407978464515,35.479408781970044,79.0,79.0,79.0
895,35.409760332236495,35.40976000209861,35.40976066237438,79.0,79.0,79.0
896,36.1304740807346,36.13047384928108,36.13047431218812,79.0,79.0,79.0
897,36.519982627843724,36.519982475827476,36.51998277985997,79.0,79.0,79.0
898,36.05066726993447,36.05066713145279,36.05066740841615,79.0,79.0,79.0
899,35.2065507624155,35.20655061748896,35.20655090734205,79.0,79.0,79.0
900,36.070037814004955,36.07003751984973,36.07003810816018,79.0,79.0,79.0
901,35.2796577099854,35.27965738151115,35.27965803845965,79.0,79.0,79.0
902,35.70454794121906,35.70454759116345,35.704548291274676,79.0,79.0,79.0
903,36.30635875599602,36.30635855852231,36.30635895346973,79.0,79.0,79.0
904,35.37922870353437,35.37922827024937,35.379229136819376,79.0,79.0,79.0
905,35.157840566279795,35.157840332355164,35.157840800204426,79.0,79.0,79.0
906,35.333622336029435,35.33362216537635,35.333622506682524,79.0,79.0,79.0
907,36.4140165642871,36.414016255610015,36.41401687296419,79.0,79.0,79.0
908,35.82244973101366,35.822449445621785,35.82245001640554,79.0,79.0,79.0
909,35.20031350041525,35.20031322034649,35.20031378048401,79.0,79.0,79.0
910,35.5304100489817,35.53040981083126,35.53041028713214,79.0,79.0,79.0
911,36.052262964376354,36.05226262195112,36.052263306801585,79.0,79.0,79.0
912,35.8719608231376,35.87196048617353,35.87196116010167,79.0,79.0,79.0
913,35.69359752113143,35.69359711062813,35.69359793163473,79.0,79.0,79.0
914,36.51681303999458,36.51681273664787,36.51681334334129,79.0,79.0,79.0
915,36.15849767406829,36.158497390198434,36.15849795793815,79.0,79.0,79.0
916,36.218317364996224,36.21831718899078,36.21831754100167,79.0,79.0,79.0
917,35.21375143570969,35.21375104274086,35.21375182867852,79.0,79.0,79.0
918,36.45660648831668,36.456606154200784,36.456606822432576,79.0,79.0,79.0
919,36.375168146511825,36.37516779108211,36.37516850194154,79.0,79.0,79.0
920,36.123105801180756,36.12310552447922,36.12310607788229,79.0,79.0,79.0
921,36.40204480827715,36.40204456736462,36.402045049189674,79.0,79.0,79.0
922,36.26753663930755,36.2675363890012,36.2675368896139,79.0,79.0,79.0
923,36.60520774233513,36.60520743724356,36.60520804742671,79.0,79.0,79.0
924,36.26003340514413,36.26003305255627,36.26003375773199,79.0,79.0,79.0
925,35.39914502339581,35.39914479864997,35.39914524814165,79.0,79.0,79.0
926,36.305159676103635,36.30515942572389,36.30515992648338,79.0,79.0,79.0
927,35.29146887648564,35.29146856405343,35.291469188917844,79.0,79.0,79.0
928,36.22130137687334,36.22130126696719,36.221301486779495,79.0,79.0,79.0
929,36.05537466383808,36.05537425274125,36.05537507493491,79.0,79.0,79.0
930,35.69397688660627,35.69397658603613,35.693977187176415,79.0,79.0,79.0
931,36.05195425420803,36.05195401422679,36.05195449418927,79.0,79.0,79.0
932,35.76436161264204,35.76436114562684,35.76436207965724,79.0,79.0,79.0
933,36.489387324832094,36.48938707672248,36.48938757294171,79.0,79.0,79.0
934,35.22604292330261,35.226042594517196,35.22604325208802,79.0,79.0,79.0
935,35.63525946302196,35.63525917313988,35.63525975290404,79.0,79.0,79.0
936,35.55278218211606,35.552781729389125,35.552782634843,79.0,79.0,79.0
937,35.15259186937832,35.15259165056741,35.15259208818923,79.0,79.0,79.0
938,36.244542551459745,36.24454216645827,36.24454293646122,79.0,79.0,79.0
939,35.598681202588175,35.59868104446686,35.59868136070949,79.0,79.0,79.0
940,35.57056788953308,35.57056767227981,35.570568106786354,79.0,79.0,79.0
941,35.99886164589463,35.99886132342743,35.99886196836183,79.0,79.0,79.0
942,36.648834754318855,36.648834556177434,36.64883495246028,79.0,79.0,79.0
943,36.45015084417537,36.450150558694645,36.45015112965609,79.0,79.0,79.0
944,36.37194990207298,36.371949614880265,36.37195018926569,79.0,79.0,79.0
945,35.50090571600371,35.50090535052527,35.50090608148214,79.0,79.0,79.0
946,35.32539814689125,35.325397955199485,35.32539833858302,79.0,79.0,79.0
947,35.94479968982677,35.944799290234364,35.94480008941918,79.0,79.0,79.0
948,35.68121699179308,35.681216735571375,35.68121724801478,79.0,79.0,79.0
949,35.293885562855465,35.29388527587338,35.29388584983755,79.0,79.0,79.0
950,35.274801045441286,35.274800693080415,35.27480139780216,79.0,79.0,79.0
951,36.19357262654767,36.193572194511496,36.193573058583844,79.0,79.0,79.0
952,36.18283453838488,36.182834159355515,36.18283491741425,79.0,79.0,79.0
953,36.50809731459818,36.50809700938318,36.508097619813185,79.0,79.0,79.0
954,35.418893778696656,35.418893409572306,35.41889414782101,79.0,79.0,79.0
955,36.31707011985306,36.31706995178319,36.317070287922924,79.0,79.0,79.0
956,35.46085635923709,35.46085598495375,35.46085673352043,79.0,79.0,79.0
957,35.98034973404048,35.98034956285343,35.980349905227534,79.0,79.0,79.0
958,35.97414842819293,35.97414813688884,35.97414871949702,79.0,79.0,79.0
959,36.08093232084782,36.08093201177561,36.080932629920035,79.0,79.0,79.0
960,35.196022516689624,35.19602222041811,35.19602281296114,79.0,79.0,79.0
961,35.667533388826996,35.66753318611662,35.66753359153737,79.0,79.0,79.0
962,35.54856751518897,35.54856716784769,35.54856786253025,79.0,79.0,79.0
963,35.37511075194925,35.37511047604068,35.37511102785782,79.0,79.0,79.0
964,36.57297151571569,36.57297118951027,36.57297184192112,79.0,79.0,79.0
965,35.463920250964854,35.463919976134584,35.463920525795125,79.0,79.0,79.0
966,35.50830517401202,35.50830495837905,35.508305389644995,79.0,79.0,79.0
967,36.65497538089179,36.65497499583137,36.654975765952216,79.0,79.0,79.0
968,35.21775513178167,35.21775489987774,35.217755363685605,79.0,79.0,79.0
969,36.50575048934955,36.50575023944142,36.505750739257685,79.0,79.0,79.0
970,36.527825087129784,36.5278246385714,36.527825535688166,79.0,79.0,79.0
971,35.237570702814715,35.23757049452713,35.2375709111023,79.0,79.0,79.0
972,35.50385501257215,35.503854750806866,35.50385527433744,79.0,79.0,79.0
973,35.72498116065533,35.724980954862666,35.724981366448,79.0,79.0,79.0
974,36.04346947490614,36.0434691581862,36.04346979162608,79.0,79.0,79.0
975,36.19265819825411,36.19265794905087,36.19265844745735,79.0,79.0,79.0
976,35.66940522025554,35.66940500238955,35.66940543812153,79.0,79.0,79.0
977,36.2995987001699,36.29959840126746,36.299598999072344,79.0,79.0,79.0
978,35.91566323530144,35.91566303744942,35.915663433153455,79.0,79.0,79.0
979,35.46824730280787,35.46824698569645,35.46824761991928,79.0,79.0,79.0
980,36.11947415736862,36.119473868665054,36.11947444607219,79.0,79.0,79.0
981,36.62349781290126,36.62349763248178,36.62349799332075,79.0,79.0,79.0
982,35.255114178173244,35.255113822299265,35.25511453404722,79.0,79.0,79.0
983,36.31209924600374,36.31209894311456,36.31209954889292,79.0,79.0,79.0
984,35.15069268271327,35.15069247270753,35.15069289271901,79.0,79.0,79.0
985,36.22969180565829,36.22969155776126,36.229692053555326,79.0,79.0,79.0
986,35.1642718790099,35.164271666387634,35.16427209163217,79.0,79.0,79.0
987,35.18741307106729,35.187412787371706,35.187413354762874,79.0,79.0,79.0
988,36.09426938726168,36.09426900944718,36.094269765076184,79.0,79.0,79.0
989,35.8684405044366,35.86844035747892,35.86844065139428,79.0,79.0,79.0
990,35.133087765210526,35.13308746715548,35.133088063265575,79.0,79.0,79.0
991,35.20148581524308,35.2014854935714,35.20148613691477,79.0,79.0,79.0
992,35.308555535542276,35.30855533529489,35.30855573578966,79.0,79.0,79.0
993,36.6287121663873,36.62871187866169,36.628712454112915,79.0,79.0,79.0
994,35.526109078290084,35.52610892529639,35.526109231283776,79.0,79.0,79.0
995,36.02365208463743,36.023651800765485,36.02365236850938,79.0,79.0,79.0
996,36.19491142726754,36.19491102438957,36.194911830145514,79.0,79.0,79.0
997,36.36675653284272,36.36675618604214,36.366756879643305,79.0,79.0,79.0
998,36.625583090891055,36.625582911252934,36.62558327052918,79.0,79.0,79.0
999,35.628524034104956,35.62852378095387,35.62852428725604,79.0,79.0,79.0
