0,0.0039562960274006215,-0.005219212377881493,0.013131804432682736,177.06666666666666,45.54158717249675,308.5917461608366
1,0.02719202259391108,-0.04018020354124914,0.0945642487290713,174.33333333333331,49.4520103238404,299.21465634282623
2,0.010672991199638035,-0.0037536463904193473,0.02509962878969542,134.70196078431374,22.773594061659026,246.63032750696846
3,0.0328348439552036,-0.03952537559924922,0.10519506350965642,122.22745098039216,-4.560901423396089,249.0158033841804
4,0.011051181272384436,-0.01888075758994804,0.040983120134716916,127.56078431372549,-1.584259662799525,256.7058282902505
5,0.013278062499183068,-0.025808521926612857,0.052364646924979,98.71764705882353,-19.448991740723528,216.8842858583706
6,0.039794019637081554,-0.054058580448744176,0.13364661972290728,167.12156862745098,48.89983337914266,285.3433038757593
7,0.013916032428067982,-0.02173548678236385,0.04956755163849981,106.87058823529412,-4.46432890874911,218.20550537933735
8,0.012821798510940783,-0.009803937575419785,0.03544753459730135,97.83137254901962,-17.766592282890414,213.42933738092967
9,0.03232009484998735,-0.04167035961788197,0.10631054931785668,143.75686274509803,23.588823665226954,263.9249018249691
10,0.03187400870591256,-0.02641292986974824,0.09016094728157337,142.9921568627451,29.478517401603895,256.50579632388633
11,0.015441189014225028,-0.0066986507201636306,0.03758102874861369,145.28627450980392,24.116121872934272,266.45642714667355
12,0.021071837650721566,-0.013031605624869932,0.05517528092631306,109.94901960784313,-1.2833251718234635,221.18136438750972
13,0.0451388573447498,-0.031245058582896765,0.12152277327239637,138.43529411764706,21.654115318811847,255.21647291648227
14,0.015528340174761767,-0.01946601619311273,0.05052269654263627,166.1137254901961,33.75511030317739,298.4723406772148
15,0.019845143725693813,-0.022163223130143593,0.06185351058153122,118.54117647058824,2.126221380829449,234.95613156034705
16,0.02129391917831027,-0.020757080658524288,0.06334491901514483,161.90980392156862,28.95836467399684,294.8612431691404
17,0.021499266920099947,-0.01976162691011225,0.06276016075031214,125.03921568627453,-5.25603286663042,255.33446423917948
18,0.012374084318677583,-0.01685689394858656,0.041605062585941724,161.6,32.22557151779165,290.97442848220834
19,0.02046382032042625,-0.032225005879584795,0.07315264652043729,115.99215686274512,-6.701965985997944,238.68627971148817
20,0.0527985700999624,-0.03036910303466231,0.13596624323458711,175.98431372549018,58.13012325498917,293.83850419599116
21,0.011108886283438871,-0.012379895777559675,0.03459766834443742,139.34509803921566,15.177938444891296,263.51225763354
22,0.05901493480264702,-0.033099571783215195,0.15112944138850926,158.6,41.28168099629022,275.91831900370977
23,0.0211744785354491,-0.009320391774773583,0.05166934884567178,58.69411764705882,-21.055874247787102,138.44410954190474
24,0.018510613916441796,-0.009012317072921557,0.04603354490580515,119.83529411764707,-5.186436004325216,244.85702423961936
25,0.010223823607734897,-0.005471742648284938,0.025919389863754732,214.43137254901958,97.7984359848562,331.06430911318296
26,0.010875090698291564,-0.010085139069453044,0.03183532046603617,72.09411764705882,-34.412966553973405,178.60120184809105
27,0.05169527947573978,-0.08026452060243584,0.1836550795539154,191.35686274509803,72.48468788415462,310.2290376060414
28,0.04210298834642505,-0.05292417520936439,0.1371301519022145,146.278431372549,11.878926947509285,280.6779357975887
29,0.034031393036575,-0.02605433414332145,0.09411712021647145,148.5254901960784,26.73244407982409,270.31853631233275
30,0.05226926782953681,-0.06097348283222155,0.16551201849129515,198.23921568627452,78.86470190480891,317.61372946774014
31,0.03878924475763651,-0.030824211945042715,0.10840270146031573,112.31764705882354,-6.383860339001686,231.01915445664878
32,0.057152292738650357,-0.01969300004715019,0.1339975855244509,129.65882352941176,19.774152240660896,239.54349481816263
33,0.05131838511762338,-0.02006185795000734,0.1226986281852541,231.20000000000002,126.75188547680253,335.6481145231975
34,0.033771729657389955,-0.03606218538543245,0.10360564470021236,128.27843137254902,-1.251922372549103,257.8087851176472
35,0.028482736550344556,-0.011326103097082,0.06829157619777111,198.22745098039218,75.23348851881754,321.22141344196683
36,0.03630471290728333,-0.011602237516716504,0.08421166333128316,131.7058823529412,5.879048221186338,257.53271648469604
37,0.019247602164635762,-0.016628688286399154,0.055123892615670675,98.05098039215686,-17.892725870471494,213.9946866547852
38,0.05255411545125147,-0.024407564215158724,0.12951579511766168,123.48235294117649,0.5916825136627608,246.3730233686902
39,0.03678266890620922,-0.04226707346578899,0.11583241127820744,132.42352941176472,9.064024099275954,255.78303472425347
40,0.03358636589757367,-0.06548938626152626,0.13266211805667358,177.43137254901958,46.62755273781883,308.23519236022037
41,0.05134865253086329,-0.03615089512759033,0.13884820018931693,145.31372549019605,22.92874250626565,267.6987084741264
42,0.008920017632601016,-0.0022934726594697023,0.020133507924671733,126.30980392156862,-2.706141672798182,255.3257495159354
43,0.039479917425698806,-0.08407884400660531,0.1630386788580029,107.78823529411764,-17.73912856443701,233.3155991526723
44,0.0324558970427104,-0.015729248924277003,0.08064104300969781,168.07058823529414,41.54398565270725,294.597190817881
45,0.04869545095910628,-0.03299900829511519,0.13038991021332774,139.09411764705882,29.550880452464625,248.637354841653
46,0.020483062426358754,-0.01057254437787727,0.051538669230594775,134.4,19.295053285404222,249.5049467145958
47,0.03481544617052172,-0.022042120540563225,0.09167301288160667,120.30588235294118,6.305822591866303,234.30594211401606
48,0.038112317399103555,-0.0073681350660168635,0.08359276986422398,68.49019607843137,2.297425740126357,134.68296641673638
49,0.03536220342103465,-0.018455381638677132,0.08917978848074644,175.06666666666666,59.369023755657466,290.7643095776759
50,0.019458489355576387,-0.009071599213749535,0.04798857792490231,172.68627450980395,48.76459406805742,296.6079549515505
51,0.022311256459786318,-0.012957757384943123,0.05758027030451576,162.2470588235294,40.18172163218311,284.3123960148757
52,0.03375459625203089,-0.028593983813636613,0.09610317631769838,168.3372549019608,40.92864873346929,295.7458610704523
53,0.039396633348409454,-0.01604980497035332,0.09484307166717224,175.37254901960785,59.08849280335863,291.65660523585706
54,0.05962863058655286,-0.023829939921283162,0.14308720109438888,165.15294117647056,53.13668706948867,277.16919528345244
55,0.07882957937442424,0.0021999992157184928,0.15545915953313,142.87058823529412,35.46042824899938,250.28074822158885
56,0.03560797268360415,-0.013112120445186448,0.08432806581239474,184.45098039215685,75.76217588806348,293.1397848962502
57,0.04437917213631319,-0.01716108257784147,0.10591942685046785,242.71372549019608,151.4653213971961,333.9621295831961
58,0.04907397016444627,-0.0048937847817666635,0.1030417251106592,138.76470588235293,23.39788513440712,254.13152663029874
59,0.08030712345578506,-0.03836684351178725,0.19898109042335738,185.62745098039215,84.79734327940487,286.45755868137945
60,0.0560910296133336,0.0027135577947353037,0.1094685014319319,191.6627450980392,83.01233257473562,300.3131576213428
61,0.05658081507346795,-0.00990720435384998,0.12306883450078587,230.4823529411765,138.2862348103938,322.67847107195917
62,0.10337485704278829,-0.01048552505174033,0.2172352391373169,213.3843137254902,116.41789671191484,310.3507307390655
63,0.11769095553340865,0.0012820622674625803,0.23409984879935472,205.6392156862745,104.47344075381275,306.80499061873627
64,0.10557712310486857,-0.054522337889169506,0.26567658409890665,188.77254901960782,76.23042256539587,301.31467547381976
65,0.06149316777968231,-0.012403652509421846,0.13538998806878647,190.12156862745098,81.47428481468211,298.76885244021986
66,0.09441791833287069,-0.022462931164394878,0.21129876783013626,173.06274509803922,58.758023426596424,287.367466769482
67,0.06629699146849852,-0.0033644024915687187,0.13595838542856575,178.478431372549,74.11401894884041,282.8428437962576
68,0.08165529404639028,-0.030350537985598267,0.19366112607837882,193.56862745098042,81.658682055103,305.47857284685784
69,0.04651980663412342,-0.005560489947544253,0.09860010321579109,147.71764705882356,35.040059632622615,260.3952344850245
70,0.08534887126263452,0.019961437089626125,0.15073630543564293,121.4862745098039,24.67606124017898,218.29648777942884
71,0.06969890356538634,-0.005862513052302648,0.14526032018307533,199.81176470588235,91.55625664744504,308.0672727643197
72,0.06554325993227608,0.006033196083250134,0.12505332378130202,108.29411764705883,8.486349317170323,208.10188597694733
73,0.13179708914831278,-0.013658694682212424,0.277252872978838,231.3764705882353,134.9793156898122,327.7736254866584
74,0.025682513815734314,-0.008161209306407197,0.05952623693787583,249.24705882352941,158.64080800479223,339.8533096422666
75,0.06924787318589641,-0.01797839248326774,0.15647413885506056,193.2,83.59040164160994,302.80959835839
76,0.06810933249253852,-0.007127355761481491,0.14334602074655853,146.11764705882354,34.45872071447718,257.7765734031699
77,0.07314271361512296,-0.005319070997113887,0.15160449822735983,152.19607843137254,47.846113032533296,256.5460438302118
78,0.05471759956037881,-0.008747088438569396,0.11818228755932703,135.4549019607843,19.327466358769072,251.58233756279952
79,0.08605563601013273,0.02334322871544163,0.14876804330482385,184.63529411764708,81.95060734247058,287.3199808928236
80,0.10275393443949082,0.010095127552778332,0.19541274132620332,141.98039215686276,49.1489016560398,234.81188265768571
81,0.11163624558305622,0.00260938902174844,0.22066310214436402,237.41960784313724,153.29199620243338,321.5472194838411
82,0.06986454935087,0.008283594446110425,0.13144550425562956,194.97647058823532,98.67417708518067,291.27876409129
83,0.08784403393738993,-0.0032004539330900555,0.1788885218078699,242.96078431372553,159.090442242625,326.83112638482606
84,0.08474956650798228,-0.011716130268002611,0.18121526328396717,175.6156862745098,65.49832397668239,285.7330485723372
85,0.09890770481205455,0.028746956465681303,0.16906845315842778,251.72941176470587,169.34404130570357,334.1147822237082
86,0.06155707064796897,0.03278871804570109,0.09032542325023685,170.78039215686272,61.16739792524173,280.3933863884837
87,0.09891885645395401,0.02245802418259965,0.17537968872530837,154.3019607843137,48.47706133923721,260.1268602293902
88,0.10176627736757782,0.008872394220765384,0.19466016051439025,159.40392156862745,75.14906551311557,243.65877762413933
89,0.12111577251378228,0.023514679005067124,0.21871686602249743,187.18823529411765,97.2628712224512,277.1135993657841
90,0.11565677324930826,0.049228267504479964,0.18208527899413657,184.17254901960786,83.35864018871321,284.9864578505025
91,0.10733588764480516,0.03748357537257237,0.17718819991703794,191.28235294117644,102.01565397235343,280.54905190999943
92,0.12409137663997566,0.020504196359332233,0.22767855692061909,162.48627450980393,48.960228977400675,276.0123200422072
93,0.1030875225514904,0.025738441870254786,0.180436603232726,183.82745098039214,70.4950932941106,297.1598086666737
94,0.13138893842697144,0.03719548572425939,0.22558239112968348,245.63921568627453,166.51094533987873,324.7674860326703
95,0.096699050392079,0.014087350034058213,0.17931075075009978,125.61568627450981,32.993283164558264,218.23808938446138
96,0.15221443794868594,0.033247217551394495,0.2711816583459774,199.01176470588234,88.15954550340281,309.8639839083619
97,0.16250611987768437,0.03490231525148563,0.2901099245038831,242.7960784313725,156.50846855250154,329.0836883102435
98,0.1313419616689869,0.014617387299173265,0.24806653603880052,239.68235294117648,156.67506125607787,322.6896446262751
99,0.10567414700510164,-0.0015036245974281298,0.21285191860763142,105.95686274509804,25.152789395444472,186.7609360947516
100,0.14229413621565876,0.03164164368446666,0.25294662874685087,221.54117647058823,126.67552566276906,316.4068272784074
101,0.18633531851365284,0.06955150880612859,0.3031191282211771,236.10980392156864,146.5707404307591,325.6488674123782
102,0.13377770629583619,0.046017833224462984,0.2215375793672094,168.78039215686275,59.01622722534155,278.54455708838395
103,0.1443614597414054,0.05689961813036598,0.23182330135244483,230.84705882352938,140.5264251320276,321.16769251503115
104,0.09716080813212138,0.010448956021092817,0.18387266024314997,224.76078431372548,130.8470036386188,318.6745649888322
105,0.15366629804758467,0.029551149783682035,0.27778144631148727,170.35294117647058,64.39074847454904,276.3151338783921
106,0.12393053343483044,0.010276903121473183,0.2375841637481877,234.06666666666666,137.37268810442072,330.7606452289126
107,0.2338069618770889,0.0843465053828222,0.3832674183713556,195.98039215686273,84.89926237637182,307.06152193735363
108,0.20468688537092766,0.09259726724002229,0.31677650350183306,245.58823529411765,164.5084013683206,326.66806921991474
109,0.1504347392138751,0.06183239412446298,0.2390370843032872,206.23921568627452,106.99997071143757,305.47846066111146
110,0.15866546625015784,0.06998009758024863,0.24735083492006704,204.81960784313722,104.34628679230568,305.2929288939688
111,0.15119483557292354,0.04959656187365451,0.25279310927219256,242.90196078431376,153.13712315516915,332.66679841345837
112,0.14176193123098974,-0.010790732491382488,0.294314594953362,155.6,57.04056966890717,254.15943033109284
113,0.17027128663863622,0.055810582777443093,0.28473199049982933,209.2078431372549,97.773961378408,320.64172489610183
114,0.18829615862090507,0.07154021618442105,0.3050521010573891,212.4313725490196,106.05763231894963,318.8051127790896
115,0.16487927799131355,0.07550082240436706,0.25425773357826004,246.87058823529412,171.02634994817487,322.7148265224134
116,0.17135804872229404,0.05602035862222181,0.28669573882236626,233.71372549019608,133.6273111549491,333.80013982544307
117,0.19915813640052196,0.08315795504064599,0.31515831776039793,185.20784313725494,87.65150745732251,282.76417881718737
118,0.22010901408160433,0.04013582665738438,0.4000822015058243,190.41960784313727,89.80612815343044,291.0330875328441
119,0.24685624341169993,0.11309003554515773,0.3806224512782421,216.82745098039217,123.33584551661104,310.31905644417327
120,0.21317511388630256,0.0670278450375873,0.3593223827350178,243.55686274509807,164.83015604192417,322.283569448272
121,0.20243227515990536,0.039145598411205296,0.3657189519086054,189.06274509803922,87.20821479084854,290.9172754052299
122,0.2520905050846255,0.07323361015324822,0.43094740001600274,190.65882352941176,89.54456115197928,291.77308590684424
123,0.22999568111902358,0.07521868703592513,0.384772675202122,183.05098039215684,108.15060200829707,257.9513587760166
124,0.22100870349060964,0.06647784550167471,0.3755395614795446,210.71372549019608,112.61230067805072,308.81515030234146
125,0.17856287192096754,0.037626974603677615,0.3194987692382575,187.30588235294115,73.808835525279,300.8029291806033
126,0.23607170219514884,0.08401756058628695,0.3881258438040107,180.00784313725492,88.35939323297261,271.65629304153725
127,0.2607313410908568,0.13209694834620633,0.3893657338355073,238.28627450980392,159.34454945010074,317.2279995695071
128,0.2743704809423755,0.12695735832823746,0.4217836035565135,198.91764705882352,124.06695810879626,273.7683360088508
129,0.2994221131591236,0.12073311001796191,0.47811111630028524,231.26666666666665,145.26014920576932,317.273184127564
130,0.28063298580693263,0.08442337360034893,0.47684259801351636,190.78039215686275,107.6216518698627,273.9391324438628
131,0.24382883536757205,0.10601015563743116,0.38164751509771294,204.98039215686273,104.13459966209129,305.8261846516342
132,0.2803628359355179,0.11219006321326444,0.4485356086577714,168.09019607843138,77.27484526647443,258.90554689038834
133,0.2493190936159854,0.08606429615759634,0.4125738910743745,202.4627450980392,104.34259607271403,300.5828941233643
134,0.2405174577060868,0.11095099146884393,0.3700839239433297,207.478431372549,112.4280154821485,302.5288472629495
135,0.23487597336700441,0.0689377412241022,0.40081420550990665,158.38039215686274,54.14018748933891,262.62059682438655
136,0.29811144155614516,0.14037734320152676,0.4558455399107636,250.4862745098039,188.66239746868627,312.31015155092155
137,0.20450588226427927,0.07121146112219459,0.3378003034063639,176.7450980392157,78.80178981298934,274.68840626544204
138,0.3190505641932581,0.1141147655615681,0.5239863628249481,208.87843137254904,105.06691983865811,312.68994290643997
139,0.24529824677635645,0.10366252899862555,0.38693396455408735,205.23529411764707,112.02432918817416,298.44625904711995
140,0.3141165406096216,0.15563576137986215,0.472597319839381,250.35686274509803,173.3499385468718,327.36378694332427
141,0.19792064662073172,0.10091612966176201,0.29492516357970144,244.3019607843137,158.27205226667076,330.33186930195666
142,0.2219158217018726,0.06412508596091046,0.37970655744283477,234.87843137254902,146.85014644912786,322.90671629597017
143,0.24216111458691897,0.090502479465779,0.39381974970805894,187.39215686274508,81.19958574448172,293.5847279810084
144,0.25142595697851744,0.08463324596011884,0.41821866799691604,200.06666666666666,103.40007572687212,296.7332576064612
145,0.2853747613435867,0.1394847931655287,0.4312647295216447,238.8862745098039,156.75273184166642,321.0198171779414
146,0.21532178684776906,0.06190458060557477,0.3687389930899634,188.7294117647059,81.43340444273854,296.02541908667325
147,0.18372461841094725,0.0394544620949174,0.32799477472697713,169.74901960784314,65.84915698383773,273.6488822318486
148,0.2785574785050223,0.15746875638137592,0.39964620062866874,270.12941176470594,221.04635572853334,319.2124678008785
149,0.2896432273528155,0.16486274574117799,0.414423708964453,205.0078431372549,133.89492774299742,276.12075853151237
150,0.3170862625626957,0.1665019126537392,0.46767061247165215,187.78823529411764,111.67342268715524,263.9030479010801
151,0.314422270499042,0.07863314806521962,0.5502113929328644,161.07450980392156,57.2426450049326,264.90637460291055
152,0.30381372776978155,0.12318233095017736,0.4844451245893857,197.22352941176473,111.13567356966024,283.3113852538692
153,0.3504207722806171,0.12717449632176472,0.5736670482394695,217.31372549019605,123.86473338575222,310.76271759463987
154,0.38570248914115574,0.2015065563103362,0.5698984219719753,188.10980392156864,107.22369843523764,268.99590940789966
155,0.2861362321704042,0.15708355016742379,0.41518891417338455,180.1372549019608,84.18162389535337,276.09288590856823
156,0.3423525183005076,0.1971092199491986,0.4875958166518166,212.41176470588235,130.58265460266477,294.2408748090999
157,0.24358151960277966,0.06794310373565418,0.4192199354699051,153.72549019607845,47.962581387452786,259.4883990047041
158,0.197967625979115,0.06466481447960845,0.3312704374786215,168.79999999999998,89.32400370597354,248.2759962940264
159,0.31511178250406296,0.13520441733840186,0.4950191476697241,245.8078431372549,171.15743215343093,320.4582541210789
160,0.3214072311625762,0.1849692015715268,0.4578452607536256,206.47058823529412,138.5613390242172,274.379837446371
161,0.3459505413092818,0.16276529084828353,0.5291357917702801,202.7058823529412,135.44235395173683,269.96941075414554
162,0.3791471761815688,0.22199762026956496,0.5362967320935726,243.95294117647057,182.25814201978747,305.6477403331537
163,0.34848997476054167,0.20740597136698996,0.48957397815409337,223.0666666666667,143.46502448568845,302.66830884764494
164,0.2814936900620952,0.1115754921673365,0.45141188795685383,187.3098039215686,98.48275469035214,276.1368531527851
165,0.33632926286435594,0.15391329199678122,0.5187452337319307,221.9921568627451,143.06720406719813,300.9171096582921
166,0.40414311511843815,0.18096604898020233,0.627320181256674,221.70980392156864,145.41243953471806,298.0071683084192
167,0.429237845306303,0.21569273833753116,0.6427829522750748,246.37254901960782,172.33310339849592,320.41199464071974
168,0.3790170033772786,0.202482570010758,0.5555514367437993,247.35686274509803,185.71778278446814,308.99594270572794
169,0.4240034912037207,0.2073027947365753,0.6407041876708661,207.24705882352941,133.28981003605608,281.2043076110027
170,0.42061370587816427,0.24977177451304658,0.591455637243282,228.8627450980392,169.6543528709951,288.07113732508327
171,0.4431045403667525,0.28194733912492287,0.6042617416085821,209.11764705882354,136.09934859327768,282.1359455243694
172,0.44695139595983074,0.25517608675074466,0.6387267051689168,237.61176470588236,165.520180849659,309.7033485621057
173,0.5151000565173579,0.32963797987324284,0.700562133161473,243.18039215686275,190.72758852353405,295.63319579019145
174,0.501677682024299,0.2705617939134237,0.7327935701351742,190.4549019607843,117.00124582200665,263.90855809956196
175,0.6328957800771676,0.4563927476620832,0.809398812492252,251.8039215686274,212.5148772403526,291.09296589690223
176,0.5948007808012122,0.4393265423698056,0.7502750192326189,222.20392156862746,163.84920965157698,280.55863348567794
177,0.6682091881247129,0.5084937002488066,0.8279246760006191,258.03921568627453,219.4575033410529,296.62092803149613
178,0.602921126870548,0.411482075818993,0.794360177922103,260.4313725490196,218.09114388318,302.77160121485923
179,0.629448336245967,0.42724789175968914,0.8316487807322448,245.6627450980392,205.15373233124552,286.1717578648329
180,0.6419301225420307,0.4330879077819513,0.8507723373021102,238.20392156862746,168.53778039193128,307.87006274532365
181,0.6625513537841685,0.4644858689066992,0.8606168386616379,257.09411764705885,195.55070480096842,318.63753049314926
182,0.6168551501105813,0.46686182298768264,0.76684847723348,229.06274509803922,177.08272143088135,281.0427687651971
183,0.5656125321107752,0.3115731630949058,0.8196519011266447,227.18823529411765,160.89191007613374,293.48456051210155
184,0.5348446964341051,0.27739541056436495,0.7922939823038453,245.68627450980395,173.79374846010253,317.57880055950534
185,0.5160183957978791,0.2899147849497248,0.7421220066460334,240.18039215686278,173.9290396647381,306.43174464898743
186,0.647878943237604,0.43539897393709337,0.8603589125381146,245.8862745098039,203.22336557781682,288.549183441791
187,0.6014257505828259,0.4405584232329907,0.7622930779326611,255.97647058823532,221.27732335208842,290.67561782438224
188,0.6802685401018929,0.5256740751732709,0.8348630050305148,243.64705882352942,197.75692139105158,289.53719625600723
189,0.5755331310571409,0.2777995336362374,0.8732667284780444,219.89411764705883,140.50492637464367,299.283308919474
190,0.5852064081120725,0.32960164246070084,0.840811173763444,217.52941176470588,142.73783742331074,292.32098610610103
191,0.6863226067786123,0.5152601508644232,0.8573850626928015,216.52549019607844,169.11663091339585,263.934349478761
192,0.7383723315070657,0.6277998341031178,0.8489448289110136,242.88235294117646,199.81721893450364,285.94748694784926
193,0.664386874554204,0.45157194842689025,0.8772018006815177,240.47450980392156,178.7197010108127,302.2293185970304
194,0.5623906154258578,0.3712204695919013,0.7535607612598143,244.83921568627449,193.85563479052453,295.8227965820244
195,0.6144772693222644,0.3576162851091093,0.8713382535354195,245.71372549019608,193.00922795936924,298.4182230210229
196,0.6250585738350364,0.38899651585822737,0.8611206318118454,219.9921568627451,151.69816768292753,288.2861460425627
197,0.7132351781807694,0.5332579049666086,0.8932124513949302,236.20784313725488,185.77776661318285,286.6379196613269
198,0.6488747877233169,0.4975103547026889,0.8002392207439448,253.02352941176468,208.10694475658707,297.9401140669423
199,0.6653476827284869,0.4805488471384717,0.8501465183185021,252.2,196.85043469831973,307.5495653016803
200,0.7203019329145843,0.577823736282257,0.8627801295469116,253.31764705882355,211.53046430107258,295.1048298165745
201,0.7299392756293802,0.5021708770466835,0.9577076742120769,250.18823529411765,202.18627326834496,298.19019731989033
202,0.6729856715482824,0.4603593689746056,0.8856119741219591,255.67450980392155,212.90849872980942,298.4405208780337
203,0.7062804614796357,0.5039099344298205,0.908650988529451,236.95686274509805,178.50745692144554,295.40626856875053
204,0.7101370526295083,0.47874098892279593,0.9415331163362207,230.57254901960783,186.77798369095058,274.3671143482651
205,0.8074475793277516,0.699887988630262,0.9150071700252411,260.97647058823526,221.12525749592308,300.8276836805474
206,0.716345375659419,0.5007332216059435,0.9319575297128946,217.33333333333331,152.4402226281632,282.2264440385034
207,0.7719841302609911,0.56626506064575,0.9777031998762322,244.44705882352943,192.16779481189815,296.7263228351607
208,0.7768867156084847,0.6574348388029545,0.8963385924140148,248.62352941176468,200.19058032255586,297.0564785009735
209,0.7910293700648289,0.6012148290282493,0.9808439111014084,266.3607843137255,239.69535239306143,293.0262162343896
210,0.7574100933822931,0.526938941022973,0.9878812457416133,245.4666666666666,197.56698937164384,293.3663439616894
211,0.7564867898529651,0.5308410188641705,0.9821325608417598,245.86274509803917,191.21428102864218,300.51120916743616
212,0.8123886444989372,0.6667994375691259,0.9579778514287486,242.7882352941176,193.3443515533608,292.2321190348744
213,0.7959791968850528,0.6443998849733323,0.9475585087967733,225.65098039215687,175.53252447797453,275.7694363063392
214,0.7805103750789867,0.6394856105985255,0.9215351395594479,257.92549019607844,217.73785263183487,298.113127760322
215,0.8261423933739757,0.6603194624953868,0.9919653242525646,264.2470588235294,226.64279147629833,301.8513261707605
216,0.7056875329391629,0.4448023119767477,0.966572753901578,231.13725490196077,168.329439433122,293.94507037079956
217,0.6802330507513356,0.3628870821195763,0.9975790193830948,246.28235294117647,170.82489653164063,321.73980935071233
218,0.8438767620161469,0.6379239747994034,1.0498295492328904,272.7490196078431,235.325832713359,310.1722065023272
219,0.8348884619918524,0.7108358922734592,0.9589410317102456,269.7647058823529,238.48599573353724,301.0434160311686
220,0.8960349064247282,0.6964834559817691,1.0955863568676873,264.84705882352944,239.70971827122972,289.9843993758291
221,0.8094271902944528,0.5798201464788642,1.0390342341100414,251.52941176470588,215.97681447331544,287.08200905609635
222,0.8363480586631625,0.6027904224160381,1.069905694910287,242.20000000000005,186.22766789936023,298.17233210063984
223,0.9262800104477826,0.7310918652698706,1.1214681556256947,263.8666666666667,232.47240800167853,295.26092533165485
224,0.9139566758099724,0.7244790145944863,1.1034343370254587,275.3490196078431,243.89633469975107,306.8017045159351
225,0.8605141471414005,0.6783630597111392,1.0426652345716618,255.05882352941177,201.10402820512945,309.0136188536941
226,0.8895261053945505,0.668139239572428,1.1109129712166728,267.8313725490196,225.52184323628524,310.14090186175395
227,0.9132066090901694,0.7704238179015088,1.05598940027883,261.06274509803916,227.28553987818066,294.83995031789766
228,0.9129317152733896,0.7730065471440303,1.052856883402749,270.443137254902,239.13077930963905,301.75549520016494
229,0.8533318762685739,0.6730684412984561,1.0335953112386917,273.3254901960785,238.12298818790404,308.5279922042529
230,0.8367210126390644,0.6417857602918846,1.0316562649862442,256.70588235294116,219.00171529193932,294.410049413943
231,0.8811961940690582,0.726334964522877,1.0360574236152393,265.62745098039215,240.02956443749017,291.2253375232942
232,0.9462166094312482,0.8466381356594838,1.0457950832030125,270.53333333333336,245.22064824968822,295.8460184169785
233,1.0244208691166898,0.9302919188508497,1.11854981938253,282.043137254902,267.8175055749526,296.2687689348514
234,1.0234550625670187,0.8876427842940249,1.1592673408400125,259.5882352941177,228.8291228419256,290.34734774630977
235,0.9367149053835401,0.7713997101306584,1.1020301006364217,282.6901960784313,258.1139341783546,307.266457978508
236,0.9573756143158557,0.7749166696474566,1.1398345589842547,290.1725490196079,279.5918400024191,300.75325803679675
237,1.0234376645555683,0.9192382961654963,1.1276370329456402,279.4156862745098,256.47823190912044,302.3531406398992
238,0.8483225130567363,0.6344608123766258,1.062184213736847,266.35294117647055,234.23562546556994,298.4702568873712
239,1.009967654359107,0.8783217217732674,1.1416135869449466,286.5647058823529,271.2354972700924,301.89391449461334
240,0.9559720469456093,0.7807025012630808,1.1312415926281378,281.32156862745103,258.6771246734951,303.96601258140697
241,0.9534452662748449,0.739968358218445,1.166922174331245,277.69019607843137,254.9260580030617,300.454334153801
242,0.9952326120114793,0.893194330959509,1.0972708930634496,266.0431372549019,243.76697465397376,288.3192998558301
243,1.0168630188586665,0.8739592879213505,1.1597667497959825,270.10196078431375,244.603693585497,295.6002279831305
244,1.0032721126780788,0.8780843844944495,1.1284598408617081,271.5882352941177,242.6629519168638,300.51351867137157
245,0.9328701037986605,0.7349470279306826,1.1307931796666384,257.70588235294116,224.59921727493207,290.81254743095025
246,1.0188482845530793,0.8545238196111937,1.1831727494949649,274.70588235294116,242.7158017104112,306.6959629954711
247,0.9921326637268066,0.7608105353972959,1.2234547920563175,274.08235294117645,248.9005716919882,299.2641341903647
248,0.9828838086595724,0.8497113226975606,1.1160562946215842,278.1529411764706,249.4038597843293,306.9020225686119
249,0.9267311320585362,0.769432669602559,1.0840295945145133,278.99607843137255,254.7131871671365,303.2789696956086
250,0.9313934961954753,0.7583381162972085,1.104448876093742,273.7254901960784,233.15789062987741,314.29308976227935
251,0.9739136003980449,0.8166697837262029,1.1311574170698868,278.23137254901957,250.4787292183096,305.9840158797295
252,0.9365359530729406,0.7482432839204963,1.1248286222253847,268.43529411764706,232.58948694888377,304.2811012864104
253,1.0167898589489506,0.87818107766517,1.1553986402327312,289.03921568627453,277.5785912220343,300.4998401505148
254,1.0507356868070714,0.9172972240609425,1.1841741495532003,281.40784313725493,264.1209841385602,298.6947021359497
255,0.9735022526161342,0.8686223717686616,1.0783821334636068,289.321568627451,275.74497910134676,302.8981581535552
256,1.1004439297844382,0.9799458780074165,1.2209419815614597,291.8392156862745,283.40324976923335,300.2751816033156
257,1.078474650663488,0.9742529299576728,1.182696371369303,285.4235294117647,272.20142589038124,298.6456329331482
258,1.0274827807557347,0.9146067249595022,1.1403588365519672,280.73725490196074,258.8314736423216,302.64303616159987
259,0.9838814903708065,0.8285715369830209,1.1391914437585922,291.5411764705882,278.1197638187782,304.9625891223982
260,1.0192258124258005,0.8202385134045365,1.2182131114470645,280.07450980392156,255.33008670632418,304.8189329015189
261,1.013262778637456,0.8569502652034008,1.169575292071511,295.5960784313725,287.98915105572183,303.2030058070232
262,1.0450944601320753,0.8995833680989613,1.1906055521651893,287.53725490196075,265.52782768128816,309.54668212263334
263,0.8314434916365381,0.5164773789177686,1.1464096043553076,289.82745098039214,272.51489844756657,307.1400035132177
264,1.0350957884508019,0.7443226870503366,1.3258688898512672,285.49411764705883,269.1333154738503,301.85491982026736
265,1.0509045096004708,0.816090252806345,1.2857187663945966,295.0705882352941,286.08864642191395,304.05253004867427
266,1.0875221626431335,0.9552026406095734,1.2198416846766937,279.7372549019608,256.37711936438916,303.09739043953243
267,0.9723543129715265,0.8328665849349999,1.1118420410080532,290.9647058823529,274.77573816066393,307.1536736040419
268,1.0607498617733226,0.9230709466893168,1.1984287768573285,288.1490196078431,274.25745957250865,302.0405796431776
269,1.0704276963776231,0.9148921163624752,1.225963276392771,264.3921568627451,232.98333763289656,295.8009760925936
270,1.140198385949228,0.9899202614530073,1.2904765104454485,281.2078431372549,262.03613355544866,300.3795527190611
271,1.0816609737919824,0.9034910213310572,1.2598309262529077,276.71764705882356,237.5930862662886,315.8422078513585
272,1.129084613276463,1.0069833181968186,1.2511859083561072,277.5254901960784,252.82341828326406,302.22756210889276
273,1.1402042912501913,1.001308080937024,1.2791005015633585,278.3529411764706,254.2942464487204,302.4116359042208
274,0.9884732265098422,0.7674302670660704,1.2095161859536139,281.54117647058825,259.33023431233903,303.7521186288375
275,1.0933974845736634,0.9331368971300186,1.253658072017308,281.6588235294117,254.0484069826826,309.26924007614076
276,1.1051483004700904,0.9115729321154877,1.298723668824693,286.59999999999997,267.98907482289735,305.2109251771026
277,1.0821066501093846,0.9319984106785919,1.2322148895401772,284.6313725490196,259.94290187158356,309.31984322645565
278,1.170148056628657,1.0569320482770945,1.2833640649802196,285.443137254902,263.3884584285965,307.49781608120753
279,1.0800931556552065,0.9337605899338048,1.226425721376608,284.0862745098039,266.64020425984575,301.53234475976205
280,1.1678053799797508,1.0082910412315143,1.3273197187279873,286.67843137254897,267.61018469052976,305.7466780545682
281,1.1080339188669244,0.8289718114451505,1.3870960262886982,288.9372549019607,273.56658474867305,304.3079250552484
282,1.1272979324939203,0.9863545265191848,1.268241338468656,267.50588235294117,232.7372310169356,302.27453368894675
283,1.1305723452100567,0.9809849734672087,1.2801597169529046,282.54117647058825,267.5479687299319,297.5343842112446
284,1.1587534586588542,1.0620844710295743,1.255422446288134,286.8549019607843,275.4379043060633,298.2718996155053
285,1.1513682907702876,1.0378648459918314,1.2648717355487438,287.1686274509804,270.667962102588,303.66929279937284
286,1.1839281568340227,1.0948456777527973,1.2730106359152482,279.30196078431374,253.3427558089546,305.26116575967285
287,1.2069168165618298,1.1275524145308597,1.2862812185927999,295.63529411764705,288.58258434695796,302.68800388833614
288,1.1426855760462142,0.9423387231929262,1.3430324288995021,286.0549019607843,260.4921202400069,311.61768368156174
289,1.1962799558452533,1.1061338582093194,1.286426053481187,284.69019607843137,265.9097732139672,303.47061894289556
290,1.1633145687626858,1.0331216216577799,1.2935075158675917,284.0313725490196,261.1220130135533,306.94073208448583
291,1.1851792167214785,1.059765755474913,1.3105926779680441,287.4117647058824,267.8345172037019,306.98901220806283
292,1.219032295077455,1.1475848874572068,1.2904797026977033,288.1333333333333,273.66626005812225,302.6004066085444
293,1.1482678207696655,0.9656629500288032,1.3308726915105278,271.13725490196083,231.83958099925022,310.4349288046715
294,1.1646583033543008,1.0606501907812822,1.2686664159273193,281.9647058823529,262.6278553889298,301.30155637577604
295,1.1751769234152403,1.0765399143100707,1.2738139325204099,296.74117647058824,290.86356269338614,302.61879024779034
296,1.166143783868528,1.0837248709512375,1.2485626967858185,286.4039215686275,270.1843099328711,302.6235332043839
297,1.1713124368705,1.0615925832815014,1.2810322904594984,285.79607843137256,267.391255667728,304.20090119501714
298,1.0944854960722081,0.9684925218512525,1.2204784702931637,274.40784313725493,248.76110391756376,300.05458235694607
299,1.1453156489951937,1.0164644799820206,1.2741668180083667,269.28235294117644,244.88651562978666,293.67819025256625
300,1.2113104801551966,1.0758308914598143,1.346790068850579,293.52156862745096,284.5594775055102,302.48365974939173
301,1.2038416320202396,1.1054407591768738,1.3022425048636055,280.4196078431373,261.37010556352084,299.4691101227538
302,1.221626850202972,1.0855020494644974,1.3577516509414465,286.25098039215686,270.7427783975931,301.7591823867206
303,1.209995557747635,1.0192575970588136,1.4007335184364562,274.8156862745098,236.51022305957497,313.12114948944463
304,1.1747827230715284,1.0168683287013869,1.33269711744167,274.1803921568627,246.72102929104696,301.6397550226784
305,1.1781273224774529,0.9976733168474341,1.3585813281074717,266.42745098039217,230.38275788919708,302.47214407158725
306,1.2273985357845532,1.0483789661075895,1.4064181054615168,286.2470588235294,266.3840539668186,306.1100636802402
307,1.179469052483054,1.0637699932025206,1.2951681117635874,268.2,237.08799907901792,299.3120009209821
308,1.1993156395706475,1.0270917802711115,1.3715394988701834,290.6745098039216,277.0789533912008,304.27006621664236
309,1.2037858701219744,1.0713294140096845,1.3362423262342642,267.9764705882353,238.7068343891035,297.2461067873671
310,1.134109052022298,0.9484224261553709,1.3197956778892252,283.4745098039216,256.14682141166486,310.8021981961783
311,1.2695416730992934,1.1388488479088013,1.4002344982897856,287.73333333333335,275.24614251071347,300.2205241559532
312,1.2432003320432177,1.1349381352419603,1.351462528844475,278.72156862745095,256.6996159996886,300.7435212552133
313,1.200331164341347,0.9972435376993275,1.4034187909833664,270.03921568627453,231.70460320072132,308.37382817182777
314,1.1887179879581227,1.054945080482845,1.3224908954334003,282.30196078431374,260.6439399736217,303.9599815950058
315,1.2344092836567,1.0379154327838918,1.4309031345295082,277.2196078431373,253.48632116433447,300.9528945219401
316,1.2215725019866344,1.0731843099836267,1.369960693989642,275.1098039215686,249.43922167706134,300.78038616607586
317,1.2368033951404047,1.0189423993767337,1.4546643909040757,277.0705882352941,241.7367852743882,312.40439119620004
318,1.2063539168413948,1.0342909005949477,1.378416933087842,273.87450980392157,242.00639200651705,305.7426276013261
319,1.1415555467792586,0.8954832201936267,1.3876278733648906,250.8156862745098,199.80466591238377,301.82670663663583
320,1.2318113738415288,1.0712734603955152,1.3923492872875425,276.2980392156863,252.97748117073647,299.6185972606361
321,1.2523456648284315,1.0855967832819298,1.4190945463749332,279.83137254901965,243.39070635014136,316.2720387478979
322,1.2418760337081611,1.1090552964990226,1.3746967709172997,282.1372549019608,258.97498593763976,305.2995238662818
323,1.1835680419323489,1.0287583373792097,1.338377746485488,265.37254901960785,234.20416333713274,296.54093470208295
324,1.2501839806051813,1.0520406287881903,1.4483273324221724,295.3882352941177,287.00838909170983,303.76808149652555
325,1.2727048051123526,1.1136758829779916,1.4317337272467137,275.53725490196075,246.6882998629386,304.3862099409829
326,1.2799276651120655,1.058734646447072,1.501120683777059,274.5411764705882,237.73692208200458,311.3454308591718
327,1.2455779917099896,1.0947253272798534,1.3964306561401258,269.36470588235295,238.48325752958823,300.2461542351177
328,1.3082563138475605,1.2399863419795212,1.3765262857155998,286.9568627450981,276.0272617280012,297.886463762195
329,1.3676869635488471,1.290139882291232,1.4452340448064622,288.30196078431374,277.35495551986355,299.2489660487639
330,1.3122102924421721,1.1987796521858927,1.4256409326984516,282.9647058823529,263.1720008467618,302.757410917944
331,1.317243994918524,1.1406598438075646,1.4938281460294833,290.60784313725486,281.7974546656183,299.4182316088914
332,1.3140480041503906,1.1757891221202523,1.4523068861805288,282.9843137254902,263.3621236801338,302.60650377084664
333,1.2873834385591396,1.1429503215086088,1.4318165556096705,281.4392156862745,256.4111680594159,306.4672633131331
334,1.2995269326602712,1.1384351992999424,1.4606186660206,276.6470588235294,246.76451958269178,306.529598064367
335,1.2754973467658548,1.094172033737596,1.4568226597941136,293.4823529411765,285.15284701504424,301.81185886730873
336,1.3324420779359105,1.2017593105963915,1.4631248452754295,283.4627450980392,260.6892888074652,306.2362013886132
337,1.2181935329063265,1.0355987814636947,1.4007882843489583,279.0156862745098,245.79427787325423,312.2370946757654
338,1.2194648293887869,1.0455322816754733,1.3933973771021004,263.678431372549,228.08238815192908,299.274474593169
339,1.2767658345839556,1.136911196725947,1.4166204724419642,277.08235294117645,249.642717190133,304.5219886922199
340,1.2783597385182102,1.0876059071923543,1.469113569844066,271.2274509803922,235.40051724215277,307.0543847186316
341,1.3435266457351982,1.2094881853162618,1.4775651061541346,277.52156862745096,250.7883161187069,304.254821136195
342,1.2572312972124886,1.0518023961190053,1.462660198305972,274.39607843137264,235.04945740836115,313.74269945438414
343,1.2582111433440564,1.0871506765288237,1.429271610159289,286.40784313725493,268.20150390723944,304.6141823672704
344,1.2992295583089193,1.1329972893859415,1.465461827231897,289.7019607843137,272.2771926316256,307.1267289370018
345,1.3490166533227061,1.204219064960637,1.4938142416847753,286.0,262.01198556359225,309.98801443640775
346,1.373550811468386,1.2268397324984892,1.520261890438283,292.0627450980392,281.3675266785959,302.75796351748255
347,1.280599743712182,1.0964712255775435,1.4647282618468207,264.10196078431375,228.27541337288574,299.92850819574176
348,1.318212396958295,1.1086919453478032,1.5277328485687869,281.1960784313726,244.82872633712753,317.56343052561766
349,1.3026701796288584,1.1025930382327385,1.5027473210249784,280.26666666666665,249.15584220486863,311.37749112846467
350,1.2731708264818378,1.0564424871589528,1.4898991658047227,278.3843137254902,259.59571296208384,297.17291448889654
351,1.342569164201325,1.186872782574989,1.4982655458276612,277.6,255.05249314537247,300.1475068546276
352,1.3004918416341145,1.104624157329731,1.4963595259384979,263.98823529411766,225.97861672957848,301.9978538586568
353,1.3576309129303576,1.2200714986792278,1.4951903271814875,282.99607843137255,257.61467439424706,308.37748246849804
354,1.302538785747453,1.1245507815373357,1.4805267899575705,268.9647058823529,244.63218247228033,293.2972292924255
355,1.2882162393308154,1.1529083611100388,1.423524117551592,277.2470588235294,251.2704100366063,303.22370761045255
356,1.3606989991431144,1.2081205668999484,1.5132774313862805,285.78823529411767,260.0287622826799,311.54770830555543
357,1.247951144798129,1.094909287900919,1.4009930016953391,275.30196078431374,242.69760951572505,307.9063120529024
358,1.249329922245998,1.0947382139302393,1.4039216305617566,278.65098039215684,248.94261551821475,308.3593452660989
359,1.2864602631213615,1.099763939208151,1.473156587034572,270.3098039215687,236.5086944438853,304.11091339925207
360,1.2756342831779928,1.0710821343248105,1.480186432031175,265.5176470588235,229.53337649796595,301.5019176196811
361,1.2983662923177084,1.0907232373636593,1.5060093472717575,275.1411764705883,238.0369362227736,312.24541671840296
362,1.326287067637724,1.1771837189839514,1.4753904162914968,270.8156862745098,243.0196548710175,298.6117176780021
363,1.3258052302341834,1.2407295551371162,1.4108809053312505,283.64313725490194,266.72767747102034,300.55859703878355
364,1.3025207369935279,1.1713040097408003,1.4337374642462555,284.1333333333333,268.3658065151927,299.900860151474
365,1.3247110329422296,1.1568127735740015,1.4926092923104577,278.49411764705883,248.3646188556075,308.62361643851017
366,1.2910611620136334,1.1493180916599883,1.4328042323672785,278.0941176470588,248.6144997069522,307.5737355871654
367,1.3155806410546396,1.1543487109824404,1.4768125711268387,289.71764705882356,271.0700863967242,308.3652077209229
368,1.314599392460842,1.1459757717350678,1.483223013186616,279.1176470588236,252.49206567538425,305.74322844226293
369,1.3849349676393994,1.2310592090603996,1.5388107262183992,280.80392156862746,251.82018963763826,309.7876534996167
370,1.35949899262073,1.2121953012860693,1.5068026839553905,271.61568627450976,244.53675029931614,298.69462224970334
371,1.4219074623257504,1.2842680324283184,1.5595468922231823,285.7019607843137,262.5678745938513,308.83604697477614
372,1.420847320556641,1.2892467470438032,1.5524478940694788,289.7254901960784,274.0945525084346,305.3564278837222
373,1.3882899938845166,1.209120645223351,1.5674593425456822,278.7725490196078,246.64137132913078,310.90372671008487
374,1.347113396139706,1.1433632285226736,1.5508635637567383,286.0235294117647,264.05962627188484,307.98743255164453
375,1.3791964362649356,1.1722255553786716,1.5861673171511996,279.00392156862745,252.262658546474,305.7451845907809
376,1.3741291046142579,1.1945846410451344,1.5536735681833813,286.4901960784314,266.58816227193927,306.3922298849235
377,1.4127412758621514,1.289937385514407,1.5355451662098958,282.27843137254905,263.58511376893455,300.97174897616355
378,1.378143579819623,1.1745315471473559,1.5817556124918903,283.15686274509807,260.1210231927153,306.1927022974808
379,1.3346454021977443,1.087690964224958,1.5815998401705307,271.2666666666667,234.4851566769425,308.0481766563909
380,1.313471850226907,1.158089892506502,1.468853807947312,266.1137254901961,233.68354697885292,298.54390400153926
381,1.3835915696387195,1.217043853049573,1.550139286227866,276.2352941176471,249.57044008467383,302.90014815062034
382,1.4393358941171683,1.2255576854900119,1.6531141027443248,290.3372549019608,273.4303824069523,307.24412739696936
383,1.4220556707943188,1.2474012910819456,1.596710050506692,281.1411764705883,253.96002303877287,308.3223299024037
384,1.4345854740516812,1.3075070229631491,1.5616639251402133,282.38039215686274,257.881271033975,306.8795132797505
385,1.354902181438371,1.1749232234185143,1.5348811394582278,273.84313725490193,243.5113256906051,304.1749488191988
386,1.451404646331189,1.3247840267168187,1.5780252659455591,292.98431372549015,283.487110025253,302.4815174257273
387,1.3336021872127757,1.0937678419958548,1.5734365324296966,268.38823529411764,230.261174002062,306.51529658617324
388,1.3622486675486847,1.1391908128780484,1.585306522219321,272.3254901960785,236.11612165894783,308.53485873320915
389,1.3455602907666973,1.2343731923593757,1.4567473891740188,271.9686274509804,247.33476354258624,296.6024913593746
390,1.3862021502326516,1.2346982929716959,1.5377060074936073,285.10588235294114,264.91272284561984,305.29904186026243
391,1.3437883676267137,1.0996498427720791,1.5879268924813483,269.7098039215686,229.60475271051428,309.81485513262294
392,1.3828181397681143,1.1960341222026778,1.5696021573335508,280.64705882352933,257.99885683217946,303.2952608148792
393,1.356931001999799,1.1978973299635716,1.5159646740360266,290.4,264.5532419448631,316.24675805513687
394,1.4138746598187613,1.282987226941438,1.5447620926960846,286.5764705882353,267.65340044563726,305.4995407308333
395,1.2932337630028818,1.0189997397370987,1.567467786268665,263.6392156862745,216.83538332643607,310.44304804611295
396,1.369401449315688,1.1794022506560244,1.5594006479753517,282.88627450980385,259.26699840388176,306.50555061572595
397,1.4048865710987766,1.1530167767583726,1.6567563654391806,276.6745098039216,239.42469508417923,313.9243245236639
398,1.34681017258588,1.137301645091623,1.5563187000801373,276.7411764705882,248.8888217411332,304.5935312000432
399,1.4274738760555492,1.2419502813047374,1.612997470806361,289.46666666666664,270.4523273923396,308.48100594099367
400,1.4061147652420343,1.2140254751082016,1.598204055375867,277.0549019607844,242.1004386962087,312.00936522536006
401,1.3613046384325214,1.1700789040490738,1.552530372815969,281.1098039215686,251.73352572169128,310.48608212144586
402,1.4195318483838848,1.2895837091392417,1.549479987628528,296.4509803921569,290.6816211924902,302.22033959182363
403,1.4046521579518039,1.2638119688086253,1.5454923470949824,298.40784313725493,294.97277733769744,301.8429089368124
404,1.4387253667794022,1.2682849690756686,1.6091657644831359,277.4509803921569,253.02296123476586,301.8789995495479
405,1.417638546812768,1.2812493023442626,1.5540277912812732,292.43921568627457,281.8647351505443,303.01369622200485
406,1.4289018892774392,1.3382394628168868,1.5195643157379917,281.1725490196078,259.852724144197,302.4923738950186
407,1.4319378048765894,1.253167289216942,1.6107083205362367,283.63137254901966,256.8424848162442,310.4202602817951
408,1.3936678344128177,1.201082106769305,1.5862535620563305,283.8509803921569,251.31476604357493,316.38719474073883
409,1.4564874237658931,1.3603357106091494,1.5526391369226369,295.0980392156863,287.7021520828183,302.4939263485543
410,1.522638059129902,1.3807905656073618,1.6644855526524422,294.1254901960784,282.9199854248506,305.33099496730614
411,1.4696489969889324,1.299673753350607,1.6396242406272576,286.30196078431374,264.35385660192304,308.25006496670443
412,1.503985663021312,1.3831098937097643,1.6248614323328596,292.0117647058823,277.4251160466448,306.59841336511977
413,1.4353652729707604,1.216245476305846,1.654485069635675,276.5019607843137,243.67094470088497,309.3329768677425
414,1.4702573439654185,1.3491546901000313,1.5913599978308057,292.6117647058823,273.71450225180286,311.50902715996176
415,1.4453934389002183,1.311083272951102,1.5797036048493347,274.67843137254897,249.40484615086527,299.95201659423265
416,1.4373043434292665,1.285215658838884,1.589393028019649,286.2745098039216,265.27812813801637,307.27089146982684
417,1.3551365497065524,1.1368322065782808,1.573440892834824,290.62745098039215,274.1780107757839,307.0768911850004
418,1.3391533496333103,1.113571301724227,1.5647353975423937,268.45882352941175,225.24694618401102,311.67070087481244
419,1.384147632823271,1.1607797986887252,1.6075154669578167,272.5450980392157,235.56511592350924,309.5250801549222
420,1.4806246963201786,1.3335964856428146,1.6276529069975425,281.54117647058825,258.1115278343576,304.9708251068189
421,1.3790715834673715,1.2058550647296489,1.552288102205094,274.61176470588236,246.96248374943272,302.261045662332
422,1.146789805094401,0.845621185356807,1.447958424831995,243.20000000000005,184.92933562419782,301.47066437580224
423,1.292059135437012,1.1384585109484775,1.4456597599255463,287.06666666666666,264.4590156972948,309.67431763603855
424,1.390820712669223,1.1753760670852023,1.6062653582532436,287.94117647058823,270.14900102426776,305.7333519169087
425,1.261018969965916,0.9372004145945497,1.5848375253372824,248.95294117647057,197.8061511957063,300.0997311572348
426,1.2974852730246151,1.0656334433949772,1.529337102654253,263.3058823529412,222.08724288112302,304.52452182475935
427,1.443492627611347,1.2309893032207133,1.6559959520019805,284.0078431372549,254.73707311491205,313.27861315959774
428,1.513316442452225,1.3222724080880282,1.7043604768164218,287.1529411764706,264.4623106525803,309.84357170036094
429,1.4193453620461856,1.2657534592497446,1.5729372648426265,269.60784313725486,239.77611565410382,299.4395706204059
430,1.440662301755419,1.2343906319248492,1.6469339715859888,267.6745098039216,239.85434142645562,295.49467818138754
431,1.4692694046918084,1.25850945810549,1.6800293512781268,279.48235294117643,251.03050365511066,307.93420222724217
432,1.4210805406757432,1.2001310474725704,1.642030033878916,279.1764705882353,246.97483509064415,311.37810608582646
433,1.4040802001953128,1.1433933414787747,1.6647670589118508,261.0862745098039,220.1092985756411,302.0632504439667
434,1.4704866671094707,1.1883983987328794,1.752574935486062,261.44705882352946,218.43340988952883,304.4607077575301
435,1.4761051103180531,1.275788734787338,1.6764214858487683,281.7372549019608,258.7327771271189,304.7417326768027
436,1.5008248721852024,1.3420976637801731,1.6595520805902317,278.68627450980387,254.107791282503,303.26475773710473
437,1.4783796609616746,1.2645521555573676,1.6922071663659817,274.64313725490194,242.78714641724105,306.49912809256284
438,1.4626267302270026,1.1913852722285152,1.73386818822549,275.08235294117645,235.15536382575297,315.00934205659996
439,1.4596131268669577,1.257343281133684,1.6618829726002313,281.0274509803922,251.54257453069118,310.5123274300932
440,1.6056525062112246,1.4511071021224187,1.7601979103000305,292.0549019607843,275.9878165330935,308.12198738847513
441,1.408754539489746,1.1660664858558294,1.6514425931236627,273.2470588235294,242.89557737714853,303.5985402699103
442,1.427378022437002,1.1996241386064561,1.655131906267548,274.0196078431373,235.83779466771892,312.20142101855566
443,1.494301803439271,1.2617028171954605,1.7269007896830815,275.07450980392156,240.0266964694074,310.1223231384357
444,1.4862709942985983,1.1813956255562057,1.791146363040991,272.51372549019607,226.59165586917848,318.4357951112136
445,1.5508195465686274,1.4427393806480855,1.6588997124891693,287.5176470588235,266.0796497690345,308.9556443486125
446,1.5356390709970513,1.3630509118532752,1.7082272301408274,288.2196078431372,270.1211008494162,306.31811483685823
447,1.5310555327172373,1.2937723874794478,1.7683386779550267,282.0039215686275,246.99072539647082,317.01711774078416
448,1.347436414980421,1.0795942905267157,1.6152785394341262,258.1607843137255,217.61287633791352,298.7086922895375
449,1.5319951150931563,1.3495156242440225,1.7144746059422902,277.0392156862745,251.2474091256754,302.83102224687354
450,1.5358081668030985,1.3440762638423773,1.7275400697638197,287.03137254901964,264.07401944560627,309.988725652433
451,1.5880147111182117,1.4140856587597137,1.7619437634767097,287.6078431372549,270.0646954724695,305.1509908020403
452,1.6240978240966797,1.349122345472448,1.8990733027209115,285.72941176470584,256.8299152352855,314.6289082941262
453,1.3082900645686133,0.9286766181264848,1.6879035110107417,237.7882352941176,183.09213018708758,292.4843404011476
454,1.6009709601308784,1.371504974308796,1.8304369459529608,292.3882352941177,281.1861291594155,303.5903414288199
455,1.347472329233207,0.9062346280396933,1.7887100304267205,241.8235294117647,184.35936522815342,299.28769359537597
456,1.5010391235351563,1.2925391769991192,1.7095390700711934,277.35686274509806,246.1656963973725,308.54802909282364
457,1.5822598550833908,1.3638971223011054,1.8006225878656763,273.90980392156865,247.71370142069912,300.1059064224382
458,1.5562524010153378,1.339705191082643,1.7727996109480326,271.9764705882353,242.2814813216393,301.6714598548313
459,1.6422446381812001,1.4368343691596461,1.8476549072027542,281.1372549019608,257.56728984905595,304.7072199548656
460,1.5431518330293543,1.3779518912245914,1.7083517748341173,281.34901960784316,259.3016134122413,303.396425803445
461,1.616445152432311,1.47438157624636,1.758508728618262,289.5098039215686,273.2699684290429,305.74963941409436
462,1.5243917951396868,1.2347868480056872,1.8139967422736865,276.1058823529412,245.1585895356658,307.0531751702166
463,1.567319376328412,1.3410244154055841,1.7936143372512396,285.26666666666665,264.8286142416408,305.7047190916925
464,1.4851172091914158,1.117395672273834,1.8528387461089975,271.40000000000003,229.70322969827555,313.0967703017245
465,1.5463960684981999,1.2729546689105709,1.819837468085829,277.15686274509807,242.5675679322831,311.746157557913
466,1.6200388814888749,1.4590089640396304,1.7810687989381193,290.2117647058824,270.5990406075065,309.8244888042583
467,1.6449584661745558,1.3855275631445436,1.904389369204568,290.65882352941173,274.95854448684025,306.3591025719832
468,1.4916482588824103,1.1922312806317885,1.791065237133032,271.9803921568627,236.90913498542994,307.05164932829547
469,1.6298650554582186,1.420087668347736,1.8396424425687012,286.4039215686275,261.33007538582024,311.4777677514347
470,1.6485304664163027,1.4840067472057776,1.8130541856268279,289.8392156862745,277.4173698902737,302.2610614822753
471,1.7794411004758346,1.6070938084130817,1.9517883925385875,296.9450980392157,292.0780695652021,301.81212651322926
472,1.680553077248966,1.429297767582524,1.9318083869154081,293.0235294117647,272.40431835344737,313.642740470082
473,1.6262583826102464,1.2862713374722945,1.9662454277481982,275.73333333333335,240.72341877121167,310.743247895455
474,1.8088866065530216,1.6235598961246767,1.9942133169813665,294.67843137254897,283.79953207956027,305.5573306655377
475,1.6509082420199526,1.3800061383304214,1.9218103457094837,288.69803921568626,272.79831886385506,304.59775956751747
476,1.6754783705169078,1.4695304047253253,1.8814263363084904,288.70196078431366,267.20695917476405,310.19696239386326
477,1.654292246874641,1.2201963156502722,2.08838817809901,268.89411764705886,221.83873901497918,315.94949627913854
478,1.6618147307751225,1.4536096721456095,1.8700197894046355,281.964705882353,259.05988870888274,304.8695230558232
479,1.5988333571190927,1.349457196852072,1.8482095173861133,277.0156862745098,250.63771438507874,303.39365816394087
480,1.7125088186825024,1.450063398643254,1.9749542387217507,283.6549019607843,257.66374976795817,309.6460541536104
481,1.337037176244399,0.9698359920067606,1.7042383604820377,237.91372549019607,197.15163388212824,278.6758170982639
482,1.7321247325224034,1.5065338916554047,1.957715573389402,287.7372549019608,272.00645632601476,303.46805347790684
483,1.8232368020450367,1.5792523889343337,2.0672212151557394,288.57254901960783,265.9575900183918,311.1875080208239
484,1.7578896990009383,1.509320760434262,2.0064586375676146,289.9725490196078,271.08134957705477,308.86374846216086
485,1.4983484679577397,1.1212407329199083,1.875456202995571,271.48627450980393,223.23563387763366,319.7369151419742
486,1.6761778214398553,1.3411357718876833,2.011219870992027,273.6705882352941,233.32553098224238,314.01564548834574
487,1.7739971310484643,1.5468785716392577,2.001115690457671,289.8862745098039,271.00559981395696,308.76694920565086
488,1.804183099784103,1.6056697286733181,2.0026964708948882,290.23529411764713,280.1983657630235,300.27222247227076
489,1.584253393435011,1.2166282116622589,1.951878575207763,265.1764705882353,223.90795758714657,306.44498358932407
490,1.863647969563802,1.6662441187762544,2.0610518203513495,289.6705882352941,274.71854340015466,304.6226330704335
491,1.7330072215959138,1.5078545679192379,1.9581598752725897,287.9764705882354,265.0883146629342,310.86462651353656
492,1.7704883725035425,1.5693220389967897,1.9716547060102954,291.5647058823529,270.7060014232816,312.4234103414242
493,1.6578272277233648,1.2648187306663057,2.050835724780424,268.2823529411765,225.62265051069613,310.94205537165686
494,1.8384652380849802,1.572940617720045,2.1039898584499155,282.8392156862745,255.78465393038658,309.8937774421624
495,1.8227770711861404,1.5214978918106585,2.1240562505616225,287.53725490196075,266.86572516940237,308.20878463451913
496,1.9390225653554882,1.6903113817998454,2.187733748911131,293.7098039215686,285.1181544972244,302.3014533459128
497,1.93731518165738,1.5349351788372556,2.3396951844775042,280.19607843137254,255.8056220251003,304.58653483764476
498,1.7897111780503219,1.4273512705503473,2.1520710855502965,266.478431372549,213.45320252559884,319.5036602194991
499,1.9165494582232308,1.6428465497576923,2.190252366688769,282.5960784313725,260.6453972819878,304.5467595807572
500,1.9602606006697112,1.6963322722998568,2.2241889290395656,281.55294117647054,260.9524174861174,302.1534648668237
501,1.9270476322548062,1.556749591957594,2.2973456725520185,276.8235294117647,249.66047355956854,303.9865852639608
502,1.8476200552547677,1.616277796693282,2.078962313816253,273.1137254901961,250.00600089875425,296.2214500816379
503,1.8853353687361174,1.5537218229487992,2.2169489145234356,280.0117647058824,251.79208274759327,308.23144666417153
504,1.885483752979952,1.5867307960561827,2.1842367099037214,282.878431372549,259.36798607556915,306.3888766695289
505,1.8906040939630249,1.5109662484692723,2.270241939456777,280.74509803921563,253.31238310759065,308.1778129708406
506,1.752769343058268,1.487798924073661,2.017739762042875,278.36078431372556,251.7047760631371,305.016792564314
507,1.8015996671190448,1.4009135096230676,2.2022858246150223,258.7529411764706,217.65247275552218,299.853409597419
508,1.8691128824271406,1.5128886219023625,2.225337142951919,278.5019607843137,241.9735074273475,315.03041414127995
509,1.9552244223800357,1.6020058352264537,2.308443009533618,278.91764705882355,247.82577367457571,310.0095204430714
510,1.8417533126531862,1.4386423649710376,2.244864260335335,269.99607843137255,230.9580479001258,309.0341089626193
511,1.9762035482070024,1.6187389766560005,2.3336681197580043,284.74117647058824,249.80188733338193,319.68046560779453
512,2.0004034528545303,1.7012484196875926,2.299558486021468,288.8627450980392,265.41011481966234,312.3153753764161
513,1.6783310609705309,1.1959532602888132,2.1607088616522483,251.3019607843137,212.48217526469352,290.1217463039339
514,2.1406793332567404,1.8829334701076714,2.3984251964058094,283.9764705882354,262.3508389651172,305.60210221135355
515,1.9391802021101412,1.5243473014973346,2.3540131027229476,269.5882352941176,235.25224655009563,303.9242240381396
516,1.9840022442387601,1.5257016194988582,2.442302868978662,265.1843137254902,218.9335477998103,311.4350796511701
517,1.989273482677983,1.6371473745789666,2.3413995907769993,279.44705882352946,251.87189935972842,307.0222182873305
518,2.153453714707319,1.7534827471113636,2.553424682303274,268.5254901960784,219.87440011644938,317.17658027570747
519,2.2247312283983423,1.866468063607475,2.5829943931892094,283.156862745098,258.48391239361956,307.82981309657646
520,2.0931227366129557,1.6335153478565492,2.5527301253693624,281.1843137254902,252.560611043133,309.8080164078474
521,2.395772036384134,2.1570633883500894,2.6344806844181785,295.5411764705882,288.10479241876277,302.9775605224136
522,2.1635373209037034,1.730314008175546,2.596760633631861,280.4039215686275,255.06426837769004,305.7435747595649
523,2.2692457535687613,1.8879138490247636,2.650577658112759,279.3254901960785,253.1122182759288,305.53876211622816
524,2.271481914146274,1.9323649939684517,2.610598834324096,289.18823529411765,272.71942960159396,305.65704098664133
525,2.3689877379174327,1.6988159185826293,3.039159557252236,285.98039215686276,264.95658660586383,307.0041977078617
526,2.169490260703891,1.6355774102663747,2.7034031111414074,262.09803921568624,221.90425295870784,302.29182547266464
527,2.3322042502608955,1.7618553191788755,2.9025531813429155,284.69019607843137,254.53268416517574,314.847707991687
528,2.5684318168490536,1.7285567577937013,3.408306875904406,280.4039215686275,247.6191054546421,313.1887376826129
529,2.5258940902410774,2.0638562873205752,2.9879318931615795,285.10196078431375,259.27393104261006,310.92999052601743
