0,0.0017213988,-0.0055717267,0.0090145245,64.98,64.98,64.98
1,0.000346246,5.8354985e-05,0.000634137,100.16,100.16,100.16
2,0.09229335,0.0071072653,0.17747945,132.97,132.97,132.97
3,0.13508902,-0.010464206,0.28064227,126.51,126.51,126.51
4,0.18659018,0.024442226,0.34873813,122.23,122.23,122.23
5,0.16860576,0.0077732354,0.32943827,202.94,202.94,202.94
6,0.18286672,0.042193696,0.32353973,108.4,108.4,108.4
7,0.20192696,0.069191486,0.33466244,106.83,106.83,106.83
8,0.2521483,0.07354522,0.43075138,126.92,126.92,126.92
9,0.2957,0.0991347,0.49226534,137.86,137.86,137.86
10,0.40682015,0.15802015,0.65562016,163.01,163.01,163.01
11,0.58922046,0.30148524,0.8769557,206.72,206.72,206.72
12,0.6862261,0.33453932,1.037913,196.69,196.69,196.69
13,0.80751,0.36510718,1.2499129,198.02,198.02,198.02
14,0.90036666,0.5116129,1.2891204,205.55,205.55,205.55
15,0.9303865,0.48684794,1.373925,207.01,207.01,207.01
16,1.1727637,0.75054675,1.5949807,243.83,243.83,243.83
17,1.0992621,0.60336,1.5951643,221.39,221.39,221.39
18,1.088924,0.6869288,1.4909194,211.26,211.26,211.26
19,1.4107149,0.97295606,1.8484737,248.03,248.03,248.03
20,1.4035065,0.91753954,1.8894734,241.98,241.98,241.98
21,1.2236713,0.7393857,1.7079569,210.8,210.8,210.8
22,1.0987234,0.6319026,1.5655442,186.94,186.94,186.94
23,1.1787593,0.63928676,1.7182319,187.81,187.81,187.81
24,1.0958525,0.654968,1.536737,177.04,177.04,177.04
25,1.5608962,0.97911894,2.1426735,228.28,228.28,228.28
26,1.4615065,0.92568886,1.9973241,219.63,219.63,219.63
27,1.6708504,1.0685536,2.273147,238.0,238.0,238.0
28,1.7379651,1.1789078,2.2970223,238.56,238.56,238.56
29,1.7001812,1.120394,2.2799685,236.26,236.26,236.26
30,1.4227571,0.7566556,2.0888586,197.79,197.79,197.79
31,1.5634369,0.9468291,2.1800447,214.37,214.37,214.37
32,1.1741891,0.56485945,1.7835188,168.14,168.14,168.14
33,1.3951207,0.62445414,2.1657872,190.28,190.28,190.28
34,1.6438671,0.94014454,2.3475897,216.64,216.64,216.64
35,1.8372499,1.1382499,2.5362499,235.64,235.64,235.64
36,1.627989,0.9374017,2.3185763,213.27,213.27,213.27
37,1.9456456,1.4189568,2.4723344,255.51,255.51,255.51
38,1.5807974,0.8733995,2.2881954,216.92,216.92,216.92
39,1.9171427,1.2877545,2.546531,244.45,244.45,244.45
40,2.0882092,1.6146489,2.5617695,265.29,265.29,265.29
41,1.5466478,0.910704,2.1825914,202.46,202.46,202.46
42,2.093106,1.5703192,2.615893,261.81,261.81,261.81
43,2.1482208,1.5513526,2.745089,259.64,259.64,259.64
44,1.5524173,0.7296808,2.3751538,203.24,203.24,203.24
45,1.9340972,1.22942,2.6387744,237.72,237.72,237.72
46,1.7946385,1.1152349,2.4740422,226.25,226.25,226.25
47,1.9119394,1.239738,2.5841408,240.46,240.46,240.46
48,1.7367601,1.0527539,2.4207664,220.15,220.15,220.15
49,1.495939,0.79161376,2.2002642,194.32,194.32,194.32
50,1.8191262,1.1397715,2.498481,227.2,227.2,227.2
51,1.6971186,0.95786947,2.4363678,217.47,217.47,217.47
52,1.9221672,1.2727475,2.5715868,236.69,236.69,236.69
53,1.9322863,1.3540251,2.5105474,235.78,235.78,235.78
54,1.9358597,1.3615813,2.510138,239.36,239.36,239.36
55,1.8874415,1.2705181,2.504365,237.17,237.17,237.17
56,1.5947644,1.0529048,2.1366239,202.69,202.69,202.69
57,1.6563329,1.0574688,2.255197,213.93,213.93,213.93
58,1.6084229,1.0094864,2.2073593,205.9,205.9,205.9
59,1.7493811,1.1402894,2.3584728,213.19,213.19,213.19
60,1.9965624,1.4588528,2.534272,248.21,248.21,248.21
61,1.8038591,1.2139797,2.3937385,227.96,227.96,227.96
62,1.6929762,1.109143,2.2768095,214.29,214.29,214.29
63,2.0748327,1.5167809,2.6328845,250.89,250.89,250.89
64,2.139958,1.6931221,2.5867937,262.77,262.77,262.77
65,2.084328,1.6499913,2.5186646,257.87,257.87,257.87
66,1.9955003,1.4692664,2.5217342,246.23,246.23,246.23
67,2.066865,1.5515416,2.5821884,249.95,249.95,249.95
68,2.115037,1.54057,2.689504,249.75,249.75,249.75
69,2.287469,1.7129985,2.8619394,264.73,264.73,264.73
70,2.0678272,1.5062139,2.6294405,243.14,243.14,243.14
71,2.2370315,1.7361279,2.737935,262.7,262.7,262.7
72,2.1656666,1.5554049,2.7759283,253.98,253.98,253.98
73,2.2541213,1.7249691,2.7832735,270.06,270.06,270.06
74,1.8363652,0.9657934,2.706937,227.67,227.67,227.67
75,1.8643967,1.0460213,2.6827722,239.3,239.3,239.3
76,2.1280475,1.4809484,2.7751465,260.01,260.01,260.01
77,2.219696,1.6501639,2.7892282,261.03,261.03,261.03
78,1.8110626,1.022887,2.5992382,219.02,219.02,219.02
79,2.0356612,1.3273246,2.7439978,239.05,239.05,239.05
80,1.607552,0.57767165,2.6374326,192.98,192.98,192.98
81,1.8550134,1.1245911,2.5854356,223.09,223.09,223.09
82,2.1502013,1.4848607,2.815542,249.07,249.07,249.07
83,2.032064,1.2161653,2.8479626,239.3,239.3,239.3
84,2.3332849,1.6903586,2.976211,260.5,260.5,260.5
85,2.3310723,1.7974759,2.8646688,271.56,271.56,271.56
86,2.0901806,1.389608,2.7907534,242.19,242.19,242.19
87,2.019562,1.3585502,2.680574,244.66,244.66,244.66
88,2.0854177,1.5255911,2.6452444,245.71,245.71,245.71
89,2.3238044,1.8019795,2.8456292,268.82,268.82,268.82
90,2.3142822,1.6925879,2.9359765,262.41,262.41,262.41
91,2.0134666,1.3777398,2.6491933,231.64,231.64,231.64
92,2.4726417,2.082347,2.8629365,282.73,282.73,282.73
93,2.476359,1.9481738,3.004544,275.58,275.58,275.58
94,2.4815512,2.0372562,2.925846,276.49,276.49,276.49
95,2.525854,2.0559623,2.995746,278.08,278.08,278.08
96,2.4090347,1.8663034,2.951766,264.57,264.57,264.57
97,2.49876,1.9725702,3.0249498,274.66,274.66,274.66
98,2.5651333,2.0991192,3.0311475,277.23,277.23,277.23
99,2.5537786,2.112606,2.9949512,280.25,280.25,280.25
100,2.4035392,1.8187877,2.9882908,256.54,256.54,256.54
101,2.2882392,1.6939923,2.8824863,248.66,248.66,248.66
102,2.5118606,1.982751,3.0409703,268.64,268.64,268.64
103,2.3993578,1.8531113,2.9456043,257.9,257.9,257.9
104,2.5743608,2.1011763,3.0475454,276.24,276.24,276.24
105,2.6729035,2.362134,2.983673,293.56,293.56,293.56
106,2.6886446,2.1882553,3.189034,277.45,277.45,277.45
107,2.642642,2.1120675,3.1732166,273.39,273.39,273.39
108,2.5297146,1.9788498,3.0805793,261.73,261.73,261.73
109,2.472953,1.866272,3.0796342,257.46,257.46,257.46
110,2.602635,2.098468,3.1068017,263.76,263.76,263.76
111,2.1734917,1.643712,2.7032714,233.31,233.31,233.31
112,2.5103729,1.9901781,3.0305676,255.86,255.86,255.86
113,2.2827063,1.7663686,2.799044,237.78,237.78,237.78
114,2.4981334,1.9900048,3.006262,258.51,258.51,258.51
115,2.4600935,1.9801805,2.9400065,257.8,257.8,257.8
116,2.2613618,1.7143679,2.8083558,232.7,232.7,232.7
117,2.4148586,1.8768294,2.9528878,239.05,239.05,239.05
118,2.3273754,1.6704967,2.9842541,233.45,233.45,233.45
119,2.3828704,1.690133,3.0756078,249.99,249.99,249.99
120,2.6047037,2.0037503,3.205657,262.47,262.47,262.47
121,2.2709913,1.648716,2.8932667,227.21,227.21,227.21
122,2.4218223,1.7860272,3.0576174,238.04,238.04,238.04
123,2.4901571,1.9300553,3.050259,249.32,249.32,249.32
124,2.5942163,1.9443641,3.2440686,242.79,242.79,242.79
125,1.949489,0.8336021,3.0653758,198.58,198.58,198.58
126,2.477927,1.5849671,3.3708868,234.76,234.76,234.76
127,2.539216,1.8117584,3.2666736,242.75,242.75,242.75
128,2.512351,1.735529,3.2891731,237.65,237.65,237.65
129,2.5052369,1.7595675,3.2509062,236.04,236.04,236.04
130,2.801991,2.1985059,3.405476,257.52,257.52,257.52
131,2.7562728,2.0079217,3.504624,259.76,259.76,259.76
132,2.8340948,2.120247,3.5479426,263.67,263.67,263.67
133,2.7915626,2.075385,3.50774,264.61,264.61,264.61
134,2.87845,2.1896245,3.5672753,264.99,264.99,264.99
135,2.7012262,1.8645028,3.5379496,245.96,245.96,245.96
136,2.602729,1.8111596,3.3942986,241.31,241.31,241.31
137,2.7220118,1.8830016,3.561022,243.87,243.87,243.87
138,3.212935,2.5606358,3.8652341,272.88,272.88,272.88
139,3.0762656,2.3140178,3.8385134,262.44,262.44,262.44
140,3.0926151,2.1528187,4.0324116,259.16,259.16,259.16
141,2.9243755,2.179141,3.66961,256.52,256.52,256.52
142,2.6080701,1.5869682,3.629172,235.22,235.22,235.22
143,2.8292246,1.7493533,3.9090958,245.15,245.15,245.15
144,2.3534665,0.7396134,3.9673195,204.43,204.43,204.43
145,2.5571375,0.9672599,4.147015,213.45,213.45,213.45
146,3.412857,2.7130003,4.112714,276.22,276.22,276.22
147,2.768912,1.2011948,4.3366294,227.5,227.5,227.5
148,3.4213574,2.708065,4.1346498,279.2,279.2,279.2
149,3.4616265,2.749872,4.1733813,279.08,279.08,279.08
150,3.357471,2.300386,4.414556,272.19,272.19,272.19
151,3.261225,2.2151732,4.3072767,275.64,275.64,275.64
152,1.6031543,-0.094852686,3.3011613,156.78,156.78,156.78
153,2.5621514,0.9253942,4.198909,221.19,221.19,221.19
154,3.3614676,2.5007434,4.222192,274.31,274.31,274.31
155,3.4472888,2.579425,4.3151526,278.04,278.04,278.04
156,3.3260505,2.4782422,4.173859,272.99,272.99,272.99
157,3.6310918,3.0446634,4.21752,290.14,290.14,290.14
158,3.655122,2.9062157,4.4040284,290.75,290.75,290.75
159,2.9296536,1.358947,4.5003605,238.7,238.7,238.7
160,3.2410972,1.7771083,4.705086,254.01,254.01,254.01
161,3.2050347,1.8323156,4.577754,258.2,258.2,258.2
162,3.3171625,2.5116463,4.1226788,282.71,282.71,282.71
163,3.3777618,2.6084075,4.147116,283.98,283.98,283.98
164,3.0381858,2.2260509,3.8503208,273.68,273.68,273.68
165,3.1339276,2.343036,3.9248192,279.26,279.26,279.26
166,3.1590214,2.4639056,3.8541372,287.24,287.24,287.24
167,3.455133,2.5474508,4.362815,282.18,282.18,282.18
168,3.708656,3.2618961,4.155416,296.64,296.64,296.64
169,3.6870608,3.0978768,4.276245,294.17,294.17,294.17
170,3.489105,2.8091373,4.1690726,289.92,289.92,289.92
171,3.7147384,3.2838333,4.1456437,296.17,296.17,296.17
172,3.6184387,2.5394602,4.6974173,279.52,279.52,279.52
173,3.959366,3.3766632,4.542069,295.21,295.21,295.21
174,3.678679,2.668109,4.689249,284.82,284.82,284.82
175,4.1932664,3.8694131,4.51712,299.78,299.78,299.78
176,4.2256722,3.5415297,4.909815,294.52,294.52,294.52
177,4.243703,3.464174,5.023232,292.11,292.11,292.11
178,4.102644,3.189813,5.015475,289.95,289.95,289.95
179,4.203614,3.5285764,4.878652,296.13,296.13,296.13
180,4.2230253,3.5281408,4.9179096,293.19,293.19,293.19
181,3.6188996,2.5151167,4.7226825,279.91,279.91,279.91
182,3.4309878,2.153188,4.708788,270.04,270.04,270.04
183,4.1776495,3.3972387,4.9580603,293.01,293.01,293.01
184,3.936843,3.0742066,4.7994795,291.08,291.08,291.08
185,3.6459115,2.5007257,4.791097,278.0,278.0,278.0
186,1.269518,-0.5269966,3.0660326,111.83,111.83,111.83
187,3.4455707,2.0997734,4.791368,266.49,266.49,266.49
188,4.1172767,3.3478491,4.8867044,294.89,294.89,294.89
189,4.00724,3.290502,4.7239776,293.55,293.55,293.55
190,4.1770473,3.6724703,4.6816244,296.19,296.19,296.19
191,4.180257,3.6916986,4.668815,297.66,297.66,297.66
192,4.1187553,3.5182915,4.719219,297.37,297.37,297.37
193,4.2115493,3.782624,4.640475,298.12,298.12,298.12
194,4.300362,3.6776476,4.9230766,294.98,294.98,294.98
195,3.1246803,1.1140244,5.135336,220.64,220.64,220.64
196,3.7534015,2.2139404,5.292863,260.87,260.87,260.87
197,4.436055,4.1479897,4.7241206,298.99,298.99,298.99
198,4.2543497,3.7111745,4.797525,296.6,296.6,296.6
199,3.93648,3.1811,4.69186,291.15,291.15,291.15
200,4.2429433,3.6931324,4.792754,296.15,296.15,296.15
201,4.014263,3.2178323,4.810694,290.55,290.55,290.55
202,4.1295857,3.4863558,4.7728157,293.96,293.96,293.96
203,3.9708571,3.2784836,4.6632304,291.98,291.98,291.98
204,3.7152011,2.7381282,4.692274,283.25,283.25,283.25
205,4.229071,3.6772668,4.780875,296.22,296.22,296.22
206,4.3935595,3.9936984,4.793421,298.61,298.61,298.61
207,4.4947057,4.240096,4.7493153,300.0,300.0,300.0
208,4.4354944,4.1574287,4.71356,300.0,300.0,300.0
209,4.4020348,4.018015,4.7860546,298.48,298.48,298.48
210,4.151132,2.9924898,5.3097744,280.54,280.54,280.54
211,1.2688582,-0.7228881,3.2606044,101.63,101.63,101.63
212,1.6696424,-0.44754338,3.7868283,127.25,127.25,127.25
213,0.5702642,-0.9065863,2.0471148,56.64,56.64,56.64
214,1.8201289,-0.25594163,3.8961995,141.66,141.66,141.66
215,2.7903385,0.84174025,4.738937,209.7,209.7,209.7
216,2.0232716,-0.0057833195,4.052326,159.42,159.42,159.42
217,0.18109117,-0.70889676,1.0710791,31.38,31.38,31.38
218,0.13319542,-0.62691885,0.89330965,28.47,28.47,28.47
219,0.08989873,-0.46508768,0.6448851,26.91,26.91,26.91
220,0.11683273,-0.56021863,0.7938841,28.01,28.01,28.01
221,0.07603648,-0.4559981,0.6080711,25.68,25.68,25.68
222,0.086809054,-0.52051336,0.69413143,25.74,25.74,25.74
223,0.03898741,-0.34842813,0.42640293,23.08,23.08,23.08
224,0.07653746,-0.35237703,0.5054519,28.44,28.44,28.44
225,0.06637349,-0.3467929,0.4795399,27.63,27.63,27.63
226,0.018154321,-0.16185336,0.198162,22.4,22.4,22.4
227,0.23018552,-0.613503,1.073874,39.63,39.63,39.63
228,4.8029597e-05,4.3399665e-05,5.265953e-05,20.17,20.17,20.17
229,4.8496324e-05,4.5090037e-05,5.190261e-05,20.22,20.22,20.22
230,0.014553715,-0.12974225,0.15884967,23.44,23.44,23.44
231,0.05778369,-0.23008913,0.3456565,29.81,29.81,29.81
232,0.055269968,-0.2405564,0.35109633,29.68,29.68,29.68
233,0.17337105,-0.37175927,0.7185013,46.06,46.06,46.06
234,0.09692671,-0.29328048,0.48713392,36.41,36.41,36.41
235,0.08750729,-0.28143984,0.45645446,35.7,35.7,35.7
236,0.19865331,-0.3063806,0.7036872,58.19,58.19,58.19
237,0.20783068,-0.34249085,0.7581522,54.71,54.71,54.71
238,0.17511824,-0.33341268,0.6836492,49.39,49.39,49.39
239,0.45653558,-0.2554732,1.1685443,96.28,96.28,96.28
240,0.9800634,0.14435977,1.815767,176.12,176.12,176.12
241,0.77392584,-0.05987811,1.6077298,147.77,147.77,147.77
242,0.619098,-0.19231534,1.4305114,122.41,122.41,122.41
243,0.9624786,0.08148092,1.8434763,167.69,167.69,167.69
244,1.704422,1.0816132,2.327231,264.68,264.68,264.68
245,1.7979817,1.0546615,2.541302,255.57,255.57,255.57
246,1.9489745,1.2071884,2.6907606,263.26,263.26,263.26
247,2.0744708,1.2327101,2.9162314,250.31,250.31,250.31
248,1.9440001,0.94482845,2.9431717,232.31,232.31,232.31
249,2.1267798,0.96486354,3.288696,228.25,228.25,228.25
250,2.4840882,1.431571,3.5366054,254.11,254.11,254.11
251,2.3147388,1.2640957,3.3653817,242.61,242.61,242.61
252,2.0760984,1.0110595,3.1411374,231.16,231.16,231.16
253,2.1876006,1.1562932,3.218908,240.81,240.81,240.81
254,2.3074224,1.1327528,3.482092,236.25,236.25,236.25
255,2.5182266,1.3980381,3.638415,248.08,248.08,248.08
256,2.5084574,1.3066192,3.7102957,243.83,243.83,243.83
257,2.9084756,1.7271978,4.0897536,259.36,259.36,259.36
258,3.1131387,1.9066334,4.319644,264.22,264.22,264.22
259,3.6124914,2.551854,4.673129,279.73,279.73,279.73
260,3.8605642,2.9922087,4.72892,288.21,288.21,288.21
261,3.7276354,2.8762026,4.579068,287.82,287.82,287.82
262,4.1782284,3.6920745,4.6643825,297.02,297.02,297.02
263,4.110384,3.484745,4.736023,294.73,294.73,294.73
264,4.322366,3.851887,4.7928452,297.3,297.3,297.3
265,4.373728,4.1936054,4.55385,300.0,300.0,300.0
266,4.4099684,4.313052,4.5068846,300.0,300.0,300.0
267,4.4151354,4.3550444,4.4752264,300.0,300.0,300.0
268,4.3021975,3.7526693,4.8517256,296.3,296.3,296.3
269,4.360609,4.000394,4.7208242,298.46,298.46,298.46
270,3.6711695,2.6177182,4.724621,281.2,281.2,281.2
271,3.770337,2.8453755,4.6952987,286.72,286.72,286.72
272,4.0508657,3.4197428,4.6819887,294.95,294.95,294.95
273,3.974565,3.3229203,4.6262097,294.28,294.28,294.28
274,3.831982,2.8873672,4.7765965,285.77,285.77,285.77
275,3.596996,2.5124726,4.6815195,280.36,280.36,280.36
276,4.02372,3.1940064,4.853433,289.84,289.84,289.84
277,3.455762,2.1144705,4.7970533,267.5,267.5,267.5
278,3.5130026,2.1952138,4.8307915,267.29,267.29,267.29
279,4.1524696,3.2951207,5.0098186,288.87,288.87,288.87
280,3.5812905,2.2161503,4.9464307,266.29,266.29,266.29
281,3.7299335,2.4337525,5.0261145,271.15,271.15,271.15
282,3.936128,2.908417,4.9638386,284.44,284.44,284.44
283,3.9325771,2.8541896,5.0109644,282.95,282.95,282.95
284,3.9457564,2.8323967,5.0591164,282.18,282.18,282.18
285,4.220801,3.6142864,4.8273153,294.74,294.74,294.74
286,4.394998,4.0928526,4.6971436,298.81,298.81,298.81
287,4.337951,3.9106092,4.765293,297.01,297.01,297.01
288,4.255757,3.5869043,4.924609,293.18,293.18,293.18
289,4.3193593,3.5946388,5.04408,293.25,293.25,293.25
290,4.4298368,4.16306,4.6966133,299.35,299.35,299.35
291,4.2842255,3.5021238,5.066327,291.89,291.89,291.89
292,4.4336696,3.9450622,4.922277,296.81,296.81,296.81
293,4.4648685,4.3160257,4.6137114,300.0,300.0,300.0
294,4.428631,3.9264746,4.930787,296.64,296.64,296.64
295,4.4543796,4.006233,4.902526,297.21,297.21,297.21
296,4.4505777,4.207067,4.6940885,299.08,299.08,299.08
297,4.405478,4.0782013,4.7327547,298.73,298.73,298.73
298,4.454253,4.248202,4.6603045,299.55,299.55,299.55
299,4.4898863,4.272521,4.7072515,299.75,299.75,299.75
300,4.0182586,2.8143954,5.2221217,279.99,279.99,279.99
301,3.8855321,2.5694525,5.2016115,273.15,273.15,273.15
302,4.0652337,2.8965306,5.233937,281.36,281.36,281.36
303,3.8550894,2.4978933,5.2122855,271.49,271.49,271.49
304,2.8764222,0.986819,4.7660255,223.35,223.35,223.35
305,2.3907228,0.3115003,4.469945,183.56,183.56,183.56
306,3.0363724,1.1451919,4.927553,228.69,228.69,228.69
307,3.4466271,1.7088304,5.184424,248.78,248.78,248.78
308,3.8349466,2.377104,5.2927895,266.48,266.48,266.48
309,4.0747313,2.842959,5.306504,280.09,280.09,280.09
310,3.9669797,2.6485229,5.2854366,276.75,276.75,276.75
311,3.570514,1.9344056,5.206622,258.95,258.95,258.95
312,2.2225933,0.3610525,4.084134,196.1,196.1,196.1
313,3.131435,1.5098004,4.7530694,245.46,245.46,245.46
314,3.677041,2.4976017,4.8564806,276.69,276.69,276.69
315,4.2287703,3.5894372,4.868103,293.97,293.97,293.97
316,4.225523,3.579589,4.871457,294.92,294.92,294.92
317,4.304449,3.5258958,5.0830026,293.11,293.11,293.11
318,3.2336206,1.4588627,5.0083785,242.5,242.5,242.5
319,2.5213506,0.8265506,4.2161508,218.33,218.33,218.33
320,2.745794,1.0291011,4.462487,228.12,228.12,228.12
321,3.589449,2.1506138,5.028284,264.8,264.8,264.8
322,3.8014708,2.650942,4.9519997,277.66,277.66,277.66
323,3.659677,2.1026607,5.2166934,261.13,261.13,261.13
324,4.5711765,4.128319,5.0140343,298.05,298.05,298.05
325,2.8754368,1.0086644,4.7422094,226.75,226.75,226.75
326,3.915109,2.4201694,5.4100485,269.06,269.06,269.06
327,4.6555147,4.56996,4.7410693,300.0,300.0,300.0
328,4.3532805,3.3470764,5.3594847,286.41,286.41,286.41
329,4.436407,3.5676353,5.3051786,290.16,290.16,290.16
330,3.7456846,2.0813456,5.4100237,257.9,257.9,257.9
331,4.1110387,2.7532701,5.468807,275.66,275.66,275.66
332,4.4890766,3.7367191,5.241434,293.0,293.0,293.0
333,3.95142,2.455234,5.447606,269.6,269.6,269.6
334,4.5352573,3.860961,5.2095537,295.07,295.07,295.07
335,4.2098637,3.058272,5.3614554,282.31,282.31,282.31
336,2.955572,1.0907143,4.8204293,230.16,230.16,230.16
337,2.9509351,1.0225679,4.8793025,226.03,226.03,226.03
338,2.7669637,0.65896463,4.874963,210.98,210.98,210.98
339,2.914157,0.82243013,5.0058837,216.51,216.51,216.51
340,4.0350184,2.6370978,5.432939,274.38,274.38,274.38
341,2.8800647,0.7964275,4.963702,218.09,218.09,218.09
342,2.8966138,0.8116255,4.981602,219.39,219.39,219.39
343,4.210294,2.9920282,5.4285593,281.65,281.65,281.65
344,4.5266347,3.874301,5.1789684,295.08,295.08,295.08
345,4.6050735,4.24967,4.960477,298.55,298.55,298.55
346,4.6366463,4.6288743,4.6444182,300.0,300.0,300.0
347,4.6406703,4.632325,4.6490154,300.0,300.0,300.0
348,4.6046815,4.4259696,4.7833934,299.5,299.5,299.5
349,4.1724296,3.1004953,5.244364,283.64,283.64,283.64
350,4.2691994,3.3080945,5.2303042,287.3,287.3,287.3
351,3.5709774,2.1351388,5.006816,261.35,261.35,261.35
352,3.9312882,2.7705016,5.092075,276.3,276.3,276.3
353,4.285372,3.4391696,5.131574,289.24,289.24,289.24
354,4.2314334,3.467194,4.9956727,290.33,290.33,290.33
355,4.3035345,3.4988601,5.1082087,290.86,290.86,290.86
356,4.4053288,3.7509112,5.0597463,294.04,294.04,294.04
357,4.4135823,3.7066548,5.1205096,292.48,292.48,292.48
358,4.567606,4.2113504,4.9238615,298.21,298.21,298.21
359,4.6267114,4.6125584,4.6408644,300.0,300.0,300.0
360,4.6025257,4.3323274,4.872724,298.85,298.85,298.85
361,4.5399704,4.05099,5.0289507,296.65,296.65,296.65
362,4.6456804,4.635869,4.655492,300.0,300.0,300.0
363,4.5365806,3.8671632,5.205998,294.55,294.55,294.55
364,3.6298175,2.1008315,5.1588035,260.38,260.38,260.38
365,4.5940185,4.1734247,5.014612,297.65,297.65,297.65
366,4.6270223,4.267927,4.9861174,298.36,298.36,298.36
367,4.482924,3.7418737,5.223974,292.79,292.79,292.79
368,4.2016497,3.039536,5.3637633,280.98,280.98,280.98
369,4.013574,2.6781905,5.348958,272.34,272.34,272.34
370,3.5814054,2.140305,5.0225058,257.96,257.96,257.96
371,3.9015744,2.640244,5.1629047,272.38,272.38,272.38
372,4.410477,3.6461408,5.1748137,291.31,291.31,291.31
373,3.7610624,2.2810588,5.241066,263.88,263.88,263.88
374,3.8333504,2.462061,5.20464,268.72,268.72,268.72
375,3.4150372,1.7027915,5.127283,249.29,249.29,249.29
376,4.402285,3.5503464,5.254224,289.36,289.36,289.36
377,3.2759702,1.500801,5.0511394,240.27,240.27,240.27
378,4.548454,4.0281954,5.068712,296.75,296.75,296.75
379,3.4631548,1.8568075,5.069502,252.7,252.7,252.7
380,4.2792296,3.2163754,5.342084,284.17,284.17,284.17
381,4.415183,3.6157784,5.2145877,291.43,291.43,291.43
382,4.588702,4.1141143,5.06329,296.98,296.98,296.98
383,4.3208747,3.3360643,5.305685,287.15,287.15,287.15
384,4.472924,3.721795,5.2240534,293.12,293.12,293.12
385,4.627867,4.6158876,4.639847,300.0,300.0,300.0
386,4.589861,4.2585754,4.9211464,298.46,298.46,298.46
387,4.5882277,4.31953,4.8569255,298.98,298.98,298.98
388,4.619538,4.598985,4.6400905,300.0,300.0,300.0
389,4.5404787,4.0846877,4.9962697,296.76,296.76,296.76
390,4.56164,4.1076026,5.015677,297.08,297.08,297.08
391,4.419465,3.7081845,5.1307454,292.65,292.65,292.65
392,4.457841,3.8570323,5.0586495,294.82,294.82,294.82
393,4.519887,4.0372066,5.0025673,297.22,297.22,297.22
394,4.6307435,4.444371,4.817116,299.42,299.42,299.42
395,4.61222,4.2814364,4.943003,298.75,298.75,298.75
396,4.6482773,4.5534935,4.743061,299.93,299.93,299.93
397,4.2212214,3.1689796,5.2734632,284.06,284.06,284.06
398,4.590277,4.1322737,5.0482807,297.43,297.43,297.43
399,4.384664,3.6062906,5.1630373,290.89,290.89,290.89
400,4.449297,3.865267,5.033327,295.32,295.32,295.32
401,4.554651,4.071724,5.0375776,296.96,296.96,296.96
402,4.469679,3.8393383,5.1000195,294.56,294.56,294.56
403,4.340595,3.4743116,5.2068777,288.86,288.86,288.86
404,4.308589,3.473533,5.143645,289.67,289.67,289.67
405,4.33985,3.5182557,5.161444,289.83,289.83,289.83
406,4.5235887,3.970469,5.0767083,295.57,295.57,295.57
407,4.1742268,3.1865654,5.161888,284.0,284.0,284.0
408,4.1839886,3.140066,5.227911,283.67,283.67,283.67
409,4.2814026,3.468387,5.094418,289.19,289.19,289.19
410,4.3996634,3.7139533,5.0853734,293.65,293.65,293.65
411,4.2327332,3.339344,5.1261225,287.93,287.93,287.93
412,4.0097475,2.922233,5.097262,281.49,281.49,281.49
413,3.7420974,2.6570997,4.827095,280.38,280.38,280.38
414,3.4281669,2.1397152,4.7166185,270.89,270.89,270.89
415,3.7027748,2.6130767,4.792473,281.98,281.98,281.98
416,3.9075968,2.9379983,4.8771954,285.69,285.69,285.69
417,3.9053183,2.7147708,5.0958657,279.63,279.63,279.63
418,4.086181,3.130861,5.0415015,287.82,287.82,287.82
419,4.192609,3.3257418,5.059476,290.54,290.54,290.54
420,3.2716453,1.7010618,4.842229,252.21,252.21,252.21
421,3.1024609,1.4353746,4.769547,244.13,244.13,244.13
422,3.5391479,2.1555753,4.9227204,267.68,267.68,267.68
423,3.3660007,1.9560543,4.775947,261.44,261.44,261.44
424,3.6463165,2.6354804,4.6571527,283.13,283.13,283.13
425,2.9797397,1.206708,4.7527714,228.36,228.36,228.36
426,3.0699298,1.3629212,4.7769384,236.92,236.92,236.92
427,3.1493294,1.489794,4.8088646,243.66,243.66,243.66
428,3.6032784,2.3999166,4.80664,275.26,275.26,275.26
429,3.409229,1.9220003,4.8964577,257.44,257.44,257.44
430,3.6686828,2.4688015,4.868564,276.09,276.09,276.09
431,2.630651,0.7431071,4.518195,208.22,208.22,208.22
432,3.2910333,1.7163495,4.865717,251.96,251.96,251.96
433,3.7895167,2.632234,4.9467993,277.66,277.66,277.66
434,3.3561978,1.8665624,4.8458333,256.23,256.23,256.23
435,3.9151294,2.7993774,5.0308814,279.93,279.93,279.93
436,3.8077636,2.4716296,5.1438975,270.37,270.37,270.37
437,3.8461618,2.4812179,5.211106,269.47,269.47,269.47
438,4.624324,4.416725,4.8319225,299.34,299.34,299.34
439,4.5429716,4.001694,5.084249,296.38,296.38,296.38
440,4.5599837,4.136072,4.9838953,297.74,297.74,297.74
441,4.571682,4.1435122,4.9998517,297.73,297.73,297.73
442,4.5871305,4.28231,4.891951,298.85,298.85,298.85
443,4.47758,3.8587317,5.0964284,295.25,295.25,295.25
444,3.904521,2.5472293,5.2618127,272.7,272.7,272.7
445,3.9082654,2.730925,5.0856056,279.25,279.25,279.25
446,4.4051294,3.698936,5.111323,293.41,293.41,293.41
447,4.478175,3.8158398,5.1405106,294.18,294.18,294.18
448,4.0085235,3.143651,4.873396,289.99,289.99,289.99
449,3.959331,2.8487506,5.0699115,282.83,282.83,282.83
450,3.6008375,2.1477427,5.053932,265.72,265.72,265.72
451,4.018971,2.9502883,5.0876536,283.51,283.51,283.51
452,3.6927862,2.368064,5.0175085,271.77,271.77,271.77
453,2.492718,0.5692053,4.4162307,199.59,199.59,199.59
454,3.3997092,1.8750825,4.924336,256.72,256.72,256.72
455,3.3493695,1.6879128,5.010826,248.15,248.15,248.15
456,3.298777,1.4166121,5.180942,233.26,233.26,233.26
457,4.4215846,3.8841305,4.9590387,297.21,297.21,297.21
458,4.3847065,3.6868975,5.0825157,293.67,293.67,293.67
459,3.8068213,2.6203823,4.9932604,280.84,280.84,280.84
460,3.6818497,2.4900894,4.87361,279.04,279.04,279.04
461,3.7786148,2.810132,4.7470975,287.68,287.68,287.68
462,3.7087774,2.6453404,4.7722144,283.14,283.14,283.14
463,3.7008753,2.7800784,4.621672,287.57,287.57,287.57
464,3.5572762,2.3860536,4.728499,279.13,279.13,279.13
465,4.1793275,3.4259243,4.9327307,293.46,293.46,293.46
466,4.598587,4.4870353,4.710139,300.0,300.0,300.0
467,4.431807,3.925805,4.937809,298.61,298.61,298.61
468,4.1785426,3.6285617,4.7285237,298.63,298.63,298.63
469,3.8311734,2.8198361,4.8425107,287.68,287.68,287.68
470,4.246543,3.619567,4.873519,295.97,295.97,295.97
471,4.27292,3.5006552,5.045185,292.77,292.77,292.77
472,4.6224384,4.5760508,4.668826,300.0,300.0,300.0
473,4.6100516,4.5979714,4.622132,300.0,300.0,300.0
474,4.6086984,4.5971093,4.6202874,300.0,300.0,300.0
475,4.60234,4.588392,4.6162887,300.0,300.0,300.0
476,4.6125407,4.600325,4.6247563,300.0,300.0,300.0
477,4.60372,4.591625,4.615815,300.0,300.0,300.0
478,4.61181,4.5999565,4.623664,300.0,300.0,300.0
479,4.606314,4.5923343,4.620294,300.0,300.0,300.0
480,4.6077104,4.593939,4.621482,300.0,300.0,300.0
481,4.6076875,4.5922017,4.623173,300.0,300.0,300.0
482,4.559477,4.2378187,4.881135,299.12,299.12,299.12
483,4.5620584,4.188551,4.935566,299.18,299.18,299.18
484,4.624502,4.383481,4.8655233,300.0,300.0,300.0
485,4.6548443,4.568312,4.7413764,300.0,300.0,300.0
486,4.6563134,4.6402698,4.672357,300.0,300.0,300.0
487,4.350477,3.6624577,5.038497,294.32,294.32,294.32
488,4.5075636,4.229863,4.785264,299.77,299.77,299.77
489,4.2320595,3.426414,5.037705,293.39,293.39,293.39
490,3.368588,2.147488,4.589688,269.7,269.7,269.7
491,4.0410933,3.1270514,4.9551353,290.59,290.59,290.59
492,4.010973,3.021109,5.000837,286.03,286.03,286.03
493,4.433666,3.8732562,4.9940763,296.81,296.81,296.81
494,4.5010643,4.125983,4.8761454,299.09,299.09,299.09
495,4.436427,4.059236,4.813618,299.04,299.04,299.04
496,4.4367943,3.9926865,4.8809023,298.45,298.45,298.45
497,4.4989505,4.251492,4.746409,300.0,300.0,300.0
498,4.548588,4.245513,4.8516626,299.23,299.23,299.23
499,4.4126463,3.9497933,4.8754992,298.09,298.09,298.09
500,4.5752697,4.386678,4.763861,300.0,300.0,300.0
501,4.611494,4.4892488,4.7337394,300.0,300.0,300.0
502,4.5532722,4.3770375,4.729507,300.0,300.0,300.0
503,4.4825816,4.278212,4.686951,300.0,300.0,300.0
504,4.528648,4.337652,4.7196436,300.0,300.0,300.0
505,4.5950503,4.455781,4.7343197,300.0,300.0,300.0
506,4.5873356,4.431878,4.742793,300.0,300.0,300.0
507,4.624956,4.5927725,4.65714,300.0,300.0,300.0
508,4.614785,4.5590105,4.67056,300.0,300.0,300.0
509,4.624641,4.597122,4.6521597,300.0,300.0,300.0
510,4.6191487,4.565689,4.6726084,300.0,300.0,300.0
511,4.6301556,4.577279,4.683032,300.0,300.0,300.0
512,4.65289,4.580637,4.7251434,300.0,300.0,300.0
513,4.654182,4.635773,4.6725907,300.0,300.0,300.0
514,4.6535397,4.6366444,4.670435,300.0,300.0,300.0
515,4.6240854,4.501295,4.746876,300.0,300.0,300.0
516,4.5126567,4.3215723,4.703741,300.0,300.0,300.0
517,4.3536034,4.158631,4.548576,300.0,300.0,300.0
518,4.3559694,4.182483,4.5294557,300.0,300.0,300.0
519,4.2685933,3.8575404,4.6796465,298.43,298.43,298.43
520,4.5447803,4.3387246,4.750836,300.0,300.0,300.0
521,4.4959226,4.1577787,4.8340664,299.24,299.24,299.24
522,4.6474853,4.500854,4.7941165,300.0,300.0,300.0
523,4.6444774,4.481806,4.807149,300.0,300.0,300.0
524,4.4701552,3.9933102,4.9470005,297.91,297.91,297.91
525,4.67753,4.5753984,4.779661,300.0,300.0,300.0
526,4.6959834,4.6580596,4.733907,300.0,300.0,300.0
527,4.5957603,4.0384483,5.1530724,298.75,298.75,298.75
528,4.4761963,3.9422603,5.0101323,298.57,298.57,298.57
529,4.437975,3.7864337,5.089516,295.57,295.57,295.57
530,4.6110024,4.189228,5.032777,299.47,299.47,299.47
531,4.6551533,4.3668165,4.94349,300.0,300.0,300.0
532,4.568484,4.0584116,5.078556,298.87,298.87,298.87
533,4.327345,3.466217,5.1884727,293.93,293.93,293.93
534,4.0314116,2.63908,5.4237432,279.61,279.61,279.61
535,3.8024244,2.4772298,5.127619,284.27,284.27,284.27
536,3.5904243,2.2493644,4.931484,279.02,279.02,279.02
537,3.30057,1.8680807,4.7330594,275.32,275.32,275.32
538,3.3277225,1.7383825,4.9170628,262.09,262.09,262.09
539,3.4622984,1.9871359,4.937461,269.68,269.68,269.68
540,3.9247358,2.664639,5.1848326,281.62,281.62,281.62
541,4.444342,3.7444272,5.144257,295.39,295.39,295.39
542,4.358198,3.2511268,5.4652696,288.63,288.63,288.63
543,4.6597543,4.2925324,5.026976,298.26,298.26,298.26
544,4.552963,3.8151217,5.290804,296.15,296.15,296.15
545,4.6612563,4.1920733,5.1304393,297.21,297.21,297.21
546,4.678025,4.6200733,4.735976,300.0,300.0,300.0
547,4.5862594,3.992683,5.179836,297.2,297.2,297.2
548,4.472328,3.601584,5.3430724,294.14,294.14,294.14
549,4.674686,4.523305,4.826067,300.0,300.0,300.0
550,4.6933928,4.6733694,4.713416,300.0,300.0,300.0
551,4.674494,4.6067123,4.742275,300.0,300.0,300.0
552,4.6866493,4.670432,4.7028666,300.0,300.0,300.0
553,4.696908,4.6805525,4.7132635,300.0,300.0,300.0
554,4.7123146,4.693889,4.73074,300.0,300.0,300.0
555,4.714577,4.696047,4.7331076,300.0,300.0,300.0
556,4.7287607,4.6907883,4.766733,300.0,300.0,300.0
557,4.72374,4.7055936,4.7418866,300.0,300.0,300.0
558,4.728952,4.711399,4.746505,300.0,300.0,300.0
559,4.7291903,4.7116385,4.7467422,300.0,300.0,300.0
560,4.731169,4.716778,4.7455606,300.0,300.0,300.0
561,4.726479,4.712173,4.740785,300.0,300.0,300.0
562,4.7274494,4.7116833,4.7432156,300.0,300.0,300.0
563,4.719324,4.703856,4.734792,300.0,300.0,300.0
564,4.7314973,4.713924,4.7490706,300.0,300.0,300.0
565,4.7169075,4.514196,4.919619,300.0,300.0,300.0
566,4.73022,4.6820216,4.778418,300.0,300.0,300.0
567,4.552272,3.8188279,5.285716,294.44,294.44,294.44
568,4.707373,4.6872034,4.727543,300.0,300.0,300.0
569,4.709544,4.6820326,4.737056,300.0,300.0,300.0
570,4.717123,4.6951427,4.7391033,300.0,300.0,300.0
571,4.7318044,4.6536164,4.8099923,300.0,300.0,300.0
572,4.662981,4.4158173,4.910145,300.0,300.0,300.0
573,4.6538267,4.425022,4.8826313,300.0,300.0,300.0
574,4.6810627,4.59462,4.767505,300.0,300.0,300.0
575,4.6016545,4.350248,4.853061,300.0,300.0,300.0
576,4.4716024,4.1295757,4.813629,300.0,300.0,300.0
577,4.39068,4.1038904,4.6774693,300.0,300.0,300.0
578,4.5426316,4.361147,4.7241163,300.0,300.0,300.0
579,4.0249066,3.0446749,5.0051384,283.12,283.12,283.12
580,4.1071734,3.3332553,4.8810916,289.0,289.0,289.0
581,4.2160535,3.6751301,4.756977,296.67,296.67,296.67
582,4.543866,4.3186145,4.769118,300.0,300.0,300.0
583,4.012954,3.4598262,4.566082,300.0,300.0,300.0
584,4.446418,3.9281907,4.964645,296.47,296.47,296.47
585,3.9955735,2.9927778,4.998369,291.06,291.06,291.06
586,4.295486,3.449397,5.141575,292.86,292.86,292.86
587,4.6922474,4.5726337,4.811861,300.0,300.0,300.0
588,4.011634,3.098302,4.924966,285.54,285.54,285.54
589,4.6714754,4.54917,4.793781,300.0,300.0,300.0
590,4.601874,4.03456,5.1691875,296.16,296.16,296.16
591,4.6611953,4.338064,4.9843264,298.75,298.75,298.75
592,4.706572,4.690217,4.722927,300.0,300.0,300.0
593,4.6989293,4.683002,4.7148566,300.0,300.0,300.0
594,4.6906176,4.6772547,4.7039804,300.0,300.0,300.0
595,4.6945796,4.6767416,4.7124176,300.0,300.0,300.0
596,4.5850844,3.960851,5.209318,295.09,295.09,295.09
597,4.644272,4.251317,5.0372267,297.91,297.91,297.91
598,4.2644477,3.1565418,5.3723536,283.79,283.79,283.79
599,4.3082304,3.3377512,5.2787094,287.64,287.64,287.64
600,3.6588545,2.265888,5.0518208,268.13,268.13,268.13
601,3.5811434,2.0994163,5.0628705,261.06,261.06,261.06
602,2.6838796,0.9162921,4.451467,219.71,219.71,219.71
603,0.73062396,-0.5386367,1.9998846,99.07,99.07,99.07
604,1.7510365,-0.07840133,3.5804744,161.11,161.11,161.11
605,3.6417708,2.2415538,5.041988,271.72,271.72,271.72
606,3.9383492,2.6356974,5.241001,274.01,274.01,274.01
607,3.9866297,2.8491976,5.1240616,282.38,282.38,282.38
608,4.296627,3.570647,5.0226073,293.97,293.97,293.97
609,4.3799043,3.6967938,5.0630145,295.42,295.42,295.42
610,4.076853,2.9973407,5.156365,287.91,287.91,287.91
611,3.5314832,1.8565737,5.206393,262.87,262.87,262.87
612,4.25415,3.261018,5.247282,287.93,287.93,287.93
613,4.334281,3.5335922,5.1349697,291.53,291.53,291.53
614,4.203425,3.1207004,5.2861495,283.82,283.82,283.82
615,3.6797473,2.0873132,5.2721815,261.33,261.33,261.33
616,1.7977049,-0.23352194,3.8289318,147.32,147.32,147.32
617,1.4053262,-0.52356017,3.3342128,128.21,128.21,128.21
618,1.6780167,-0.39821553,3.7542489,135.75,135.75,135.75
619,1.9423509,-0.15130186,4.0360036,155.99,155.99,155.99
620,1.6899339,-0.1468457,3.5267134,154.82,154.82,154.82
621,1.2626709,-0.5488492,3.074191,119.67,119.67,119.67
622,0.72304535,-0.7116647,2.1577554,82.17,82.17,82.17
623,0.64567626,-0.80577123,2.0971236,71.77,71.77,71.77
624,2.472345,0.273165,4.671525,180.6,180.6,180.6
625,3.9253418,2.4682338,5.38245,269.72,269.72,269.72
626,2.9912653,0.96717954,5.0153513,217.5,217.5,217.5
627,3.4282446,1.5686457,5.2878437,241.57,241.57,241.57
628,3.9065545,2.333571,5.479538,263.03,263.03,263.03
629,2.954765,0.8403046,5.0692253,209.09,209.09,209.09
630,2.9371192,0.76717377,5.1070647,204.07,204.07,204.07
631,4.462829,3.5408535,5.3848047,288.89,288.89,288.89
632,4.71541,4.676465,4.7543554,300.0,300.0,300.0
633,4.306389,3.0662012,5.5465765,279.21,279.21,279.21
634,3.5946827,1.6552354,5.53413,238.2,238.2,238.2
635,4.426511,3.5071068,5.345915,289.16,289.16,289.16
636,4.5572968,3.8063166,5.308277,293.39,293.39,293.39
637,4.710586,4.638119,4.783053,300.0,300.0,300.0
638,4.694392,4.578773,4.8100114,300.0,300.0,300.0
639,4.7203135,4.650687,4.78994,300.0,300.0,300.0
640,4.0547895,2.7394352,5.370144,275.5,275.5,275.5
641,3.5623472,1.8665109,5.2581835,251.01,251.01,251.01
642,3.812647,2.2747712,5.350523,263.51,263.51,263.51
643,4.1625347,2.962284,5.3627853,280.84,280.84,280.84
644,4.060547,2.601139,5.5199547,270.24,270.24,270.24
645,4.3643556,3.1543293,5.574382,280.83,280.83,280.83
646,4.734782,4.580666,4.8888984,299.93,299.93,299.93
647,4.5669584,3.8655145,5.268402,294.63,294.63,294.63
648,4.6865263,4.1819973,5.1910553,297.35,297.35,297.35
649,4.42475,3.3790827,5.470417,286.41,286.41,286.41
650,2.8012333,0.7356765,4.86679,204.74,204.74,204.74
651,2.5950887,0.47101355,4.719164,190.81,190.81,190.81
652,2.9780502,1.0254372,4.930663,218.4,218.4,218.4
653,2.6529825,0.57367325,4.7322917,196.92,196.92,196.92
654,3.9868228,2.8790574,5.0945883,281.0,281.0,281.0
655,3.66282,2.1805112,5.145129,261.96,261.96,261.96
656,3.068825,1.1456181,4.992032,224.18,224.18,224.18
657,4.19794,3.5690172,4.826863,294.41,294.41,294.41
658,4.3044252,4.041988,4.5668626,299.24,299.24,299.24
659,4.042044,3.101554,4.9825344,286.48,286.48,286.48
660,4.281557,4.0662727,4.4968414,300.0,300.0,300.0
661,4.259091,4.065667,4.4525146,300.0,300.0,300.0
662,4.2244954,4.0667005,4.3822904,300.0,300.0,300.0
663,4.2721767,4.1830153,4.361338,300.0,300.0,300.0
664,4.252074,3.787593,4.7165546,297.27,297.27,297.27
665,4.3041515,3.7734954,4.8348074,296.42,296.42,296.42
666,4.168871,3.513088,4.824654,294.78,294.78,294.78
667,4.2627916,3.6608744,4.864709,294.92,294.92,294.92
668,4.5028005,4.3418393,4.6637616,300.0,300.0,300.0
669,4.4636703,4.1886806,4.73866,298.8,298.8,298.8
670,4.5256357,4.444722,4.6065493,300.0,300.0,300.0
671,4.5940676,4.43069,4.7574453,300.0,300.0,300.0
672,4.58682,4.4271317,4.7465086,300.0,300.0,300.0
673,4.573969,4.02532,5.1226177,296.47,296.47,296.47
674,4.6751223,4.3619313,4.988313,300.0,300.0,300.0
675,4.8182306,4.7694955,4.866966,300.0,300.0,300.0
676,4.8037167,4.747896,4.859537,300.0,300.0,300.0
677,4.743966,4.3937726,5.0941596,299.14,299.14,299.14
678,3.2191632,1.2954702,5.142856,230.49,230.49,230.49
679,3.125994,1.1188769,5.133111,221.77,221.77,221.77
680,2.8098533,0.6959615,4.923745,201.84,201.84,201.84
681,2.9207742,0.91366935,4.9278793,214.14,214.14,214.14
682,2.310347,0.11870599,4.5019884,171.38,171.38,171.38
683,2.8142252,0.8898121,4.7386384,214.76,214.76,214.76
684,1.7352849,-0.28972542,3.7602954,142.55,142.55,142.55
685,2.9056027,1.0229278,4.7882776,221.77,221.77,221.77
686,2.4860709,0.4799888,4.492153,193.54,193.54,193.54
687,3.5143628,1.9469432,5.0817823,258.53,258.53,258.53
688,1.6119521,-0.42911196,3.653016,132.47,132.47,132.47
689,2.8584259,0.9231348,4.793717,215.54,215.54,215.54
690,3.7146115,2.1391015,5.2901216,260.35,260.35,260.35
691,3.921254,2.5775194,5.2649884,271.41,271.41,271.41
692,2.5664625,0.5493851,4.58354,197.09,197.09,197.09
693,3.008647,1.0865568,4.930737,222.06,222.06,222.06
694,3.343944,1.3811882,5.3066998,230.44,230.44,230.44
695,3.5058258,1.7603774,5.251274,246.67,246.67,246.67
696,3.5484476,1.7165532,5.380342,243.49,243.49,243.49
697,4.5399113,3.8296947,5.250128,294.04,294.04,294.04
698,4.3064237,3.2196336,5.3932137,285.34,285.34,285.34
699,3.793044,2.1648915,5.421197,259.23,259.23,259.23
700,3.2695804,1.3648713,5.1742897,233.79,233.79,233.79
701,1.4532033,-0.48019648,3.386603,126.02,126.02,126.02
702,0.56904185,-0.7504004,1.8884841,68.43,68.43,68.43
703,0.80114293,-0.76958704,2.371873,82.22,82.22,82.22
704,2.2758727,0.22449732,4.327248,178.9,178.9,178.9
705,1.1119481,-0.72974646,2.9536428,99.29,99.29,99.29
706,2.9397073,0.99527884,4.8841357,221.78,221.78,221.78
707,2.130403,0.06911945,4.1916866,169.37,169.37,169.37
708,2.8636844,0.8940017,4.8333673,214.25,214.25,214.25
709,3.9191968,2.5284235,5.30997,272.59,272.59,272.59
710,4.6243052,4.1650796,5.083531,297.7,297.7,297.7
711,4.767129,4.652333,4.881925,300.0,300.0,300.0
712,4.4301424,3.809373,5.050912,297.3,297.3,297.3
713,4.592779,4.3048525,4.880706,300.0,300.0,300.0
714,4.3853307,3.7279024,5.042759,296.64,296.64,296.64
715,4.2791657,3.6190941,4.9392376,297.8,297.8,297.8
716,4.6462502,4.43943,4.8530703,300.0,300.0,300.0
717,3.1418588,1.9006832,4.3830347,273.67,273.67,273.67
718,2.44078,0.85866797,4.022892,248.61,248.61,248.61
719,2.6581657,1.1075524,4.208779,252.06,252.06,252.06
720,3.3074594,1.8841337,4.730785,274.74,274.74,274.74
721,3.6000843,2.3024125,4.897756,283.39,283.39,283.39
722,3.3103814,2.1543984,4.4663644,282.26,282.26,282.26
723,2.8608434,1.4881237,4.2335634,262.06,262.06,262.06
724,3.6837957,2.6483145,4.719277,288.29,288.29,288.29
725,3.3864257,2.1538267,4.6190248,282.26,282.26,282.26
726,4.139164,3.584775,4.693553,297.99,297.99,297.99
727,3.5491009,2.4155421,4.6826596,278.55,278.55,278.55
728,3.9524202,3.5246236,4.3802166,300.0,300.0,300.0
729,4.4169145,4.1548615,4.6789675,300.0,300.0,300.0
730,4.7595897,4.630689,4.88849,300.0,300.0,300.0
731,4.7338357,4.5728927,4.8947787,300.0,300.0,300.0
732,4.7596045,4.617967,4.901242,300.0,300.0,300.0
733,3.8581877,2.8391593,4.8772163,285.43,285.43,285.43
734,3.9092324,3.2592087,4.559256,296.71,296.71,296.71
735,3.9931378,3.4718745,4.5144014,298.7,298.7,298.7
736,4.4456854,3.9355063,4.9558644,297.23,297.23,297.23
737,4.5822887,4.3488083,4.815769,300.0,300.0,300.0
738,3.97488,3.19197,4.75779,291.74,291.74,291.74
739,4.290758,3.761638,4.8198786,297.24,297.24,297.24
740,3.9340327,3.3359215,4.532144,296.76,296.76,296.76
741,4.4145417,3.907701,4.9213824,297.24,297.24,297.24
742,4.6759667,4.4475675,4.904366,300.0,300.0,300.0
743,4.679081,4.430033,4.9281287,300.0,300.0,300.0
744,4.560329,4.2548146,4.8658433,300.0,300.0,300.0
745,4.8030863,4.735543,4.87063,300.0,300.0,300.0
746,4.8105254,4.7950234,4.8260274,300.0,300.0,300.0
747,4.7891483,4.7633276,4.814969,300.0,300.0,300.0
748,4.7421155,4.6140532,4.8701777,300.0,300.0,300.0
749,4.77214,4.7553144,4.7889657,300.0,300.0,300.0
750,4.756133,4.692656,4.81961,300.0,300.0,300.0
751,4.649046,4.1386123,5.1594796,297.25,297.25,297.25
752,4.375867,3.3342967,5.417437,286.19,286.19,286.19
753,3.5929732,1.762164,5.4237823,244.42,244.42,244.42
754,4.494754,3.43966,5.5498476,286.04,286.04,286.04
755,4.7384396,4.536052,4.940827,300.0,300.0,300.0
756,2.021116,-0.042836428,4.0850687,160.57,160.57,160.57
757,3.0828354,1.1164001,5.0492706,222.15,222.15,222.15
758,2.6141868,0.5335753,4.6947985,194.14,194.14,194.14
759,4.191087,2.7623413,5.619832,272.09,272.09,272.09
760,4.717207,4.493631,4.940783,300.0,300.0,300.0
761,4.753205,4.2595725,5.246837,297.27,297.27,297.27
762,4.3104815,3.5063534,5.1146097,293.87,293.87,293.87
763,4.7570643,4.5269575,4.987171,300.0,300.0,300.0
764,4.661047,4.3521547,4.969939,300.0,300.0,300.0
765,3.9209464,3.0701349,4.771758,293.53,293.53,293.53
766,4.222575,2.766418,5.6787324,272.11,272.11,272.11
767,4.2199564,3.0894094,5.3505034,283.28,283.28,283.28
768,4.296528,3.2938995,5.299156,288.63,288.63,288.63
769,4.5999637,3.9122279,5.2876997,295.92,295.92,295.92
770,4.322313,3.3494096,5.295216,291.53,291.53,291.53
771,4.528291,3.8025036,5.254079,295.12,295.12,295.12
772,4.789362,4.6103344,4.9683895,300.0,300.0,300.0
773,4.4568653,3.501471,5.4122596,288.88,288.88,288.88
774,4.194048,2.7550073,5.6330886,272.23,272.23,272.23
775,4.062158,3.2777355,4.8465805,294.45,294.45,294.45
776,4.4245877,3.567083,5.2820926,291.77,291.77,291.77
777,3.0563247,1.1550902,4.957559,225.33,225.33,225.33
778,3.5462875,2.1791823,4.913393,266.76,266.76,266.76
779,4.170812,3.3404803,5.001144,291.74,291.74,291.74
780,4.5915923,3.6389217,5.544263,288.88,288.88,288.88
781,4.438221,3.8883057,4.9881363,297.26,297.26,297.26
782,4.721453,4.2208557,5.2220507,297.22,297.22,297.22
783,3.9223862,2.1681888,5.6765833,254.4,254.4,254.4
784,4.4299684,3.199881,5.6600556,280.71,280.71,280.71
785,4.6656117,4.137267,5.1939564,297.23,297.23,297.23
786,4.725723,4.2344975,5.216948,297.22,297.22,297.22
787,4.4308996,3.6775298,5.1842694,296.14,296.14,296.14
788,4.460045,3.3233767,5.596713,283.42,283.42,283.42
789,4.3902016,3.5195909,5.2608123,292.95,292.95,292.95
790,3.4548876,2.0623603,4.847415,274.27,274.27,274.27
791,3.683391,2.3768113,4.989971,280.46,280.46,280.46
792,4.4203696,3.4810205,5.359719,291.15,291.15,291.15
793,4.2054887,3.1446748,5.2663026,290.43,290.43,290.43
794,4.6425037,4.05907,5.2259374,296.93,296.93,296.93
795,4.74615,4.269003,5.223297,297.21,297.21,297.21
796,4.780841,4.742241,4.819441,300.0,300.0,300.0
797,4.770978,4.7336597,4.808296,300.0,300.0,300.0
798,4.7473607,4.674677,4.8200445,300.0,300.0,300.0
799,4.4172044,3.4522967,5.382112,288.1,288.1,288.1
800,4.338653,3.2684414,5.408865,285.18,285.18,285.18
801,4.6245027,4.069512,5.1794934,296.58,296.58,296.58
802,4.6225905,4.1031313,5.14205,297.82,297.82,297.82
803,4.469526,3.5070198,5.4320316,288.19,288.19,288.19
804,4.6993117,4.551722,4.8469014,300.0,300.0,300.0
805,4.7558327,4.686479,4.8251863,300.0,300.0,300.0
806,4.7672057,4.695685,4.8387265,300.0,300.0,300.0
807,4.7769923,4.7068906,4.847094,300.0,300.0,300.0
808,4.7980103,4.7622814,4.8337393,300.0,300.0,300.0
809,4.7802005,4.7540774,4.8063235,300.0,300.0,300.0
810,4.7855005,4.7449117,4.8260894,300.0,300.0,300.0
811,4.784536,4.734025,4.835047,300.0,300.0,300.0
812,4.730956,4.3730063,5.088906,298.72,298.72,298.72
813,4.799946,4.751575,4.8483167,300.0,300.0,300.0
814,4.6114383,3.8926418,5.3302345,294.33,294.33,294.33
815,4.540163,3.7673295,5.312997,293.17,293.17,293.17
816,4.603306,3.9002771,5.3063345,294.46,294.46,294.46
817,4.6183085,3.9764812,5.2601357,295.15,295.15,295.15
818,4.434205,3.4725833,5.395827,288.45,288.45,288.45
819,4.53672,3.6276288,5.445811,290.32,290.32,290.32
820,4.2992563,3.1286254,5.4698873,282.48,282.48,282.48
821,4.752985,4.370663,5.135307,298.49,298.49,298.49
822,4.532075,3.5406272,5.523523,289.17,289.17,289.17
823,4.777643,4.4609065,5.09438,298.88,298.88,298.88
824,4.5786667,3.7459762,5.4113574,293.96,293.96,293.96
825,4.7497883,4.389397,5.1101794,298.98,298.98,298.98
826,4.459107,3.3662298,5.551984,286.47,286.47,286.47
827,2.9016883,0.9976131,4.8057637,225.18,225.18,225.18
828,4.06157,2.5609398,5.5622005,270.63,270.63,270.63
829,4.7757106,4.4342527,5.1171684,298.7,298.7,298.7
830,4.703049,4.0934596,5.3126388,295.86,295.86,295.86
831,4.743323,4.248363,5.2382827,297.28,297.28,297.28
832,4.5465164,3.6336806,5.459352,290.34,290.34,290.34
833,4.7312493,4.244942,5.2175565,297.38,297.38,297.38
834,4.657388,3.9908,5.3239765,294.91,294.91,294.91
835,4.411071,3.277707,5.5444345,285.03,285.03,285.03
836,4.34531,3.1362967,5.5543237,282.45,282.45,282.45
837,4.5948415,3.7782269,5.411456,292.04,292.04,292.04
838,4.707918,4.138072,5.2777643,296.2,296.2,296.2
839,3.9080596,2.4058733,5.410246,268.48,268.48,268.48
840,3.4539406,1.718942,5.188939,249.72,249.72,249.72
841,4.2208934,2.9257154,5.5160713,278.59,278.59,278.59
842,4.638429,3.8924563,5.384402,293.53,293.53,293.53
843,4.7140074,4.1038404,5.3241744,295.91,295.91,295.91
844,4.796086,4.5205803,5.0715914,299.04,299.04,299.04
845,4.588019,3.7447221,5.4313154,291.52,291.52,291.52
846,4.5611463,3.6732688,5.4490237,290.88,290.88,290.88
847,4.81768,4.8031716,4.832188,300.0,300.0,300.0
848,4.7497544,4.2640977,5.235411,297.41,297.41,297.41
849,4.834027,4.7968616,4.871192,300.0,300.0,300.0
850,4.785242,4.478058,5.0924263,298.91,298.91,298.91
851,4.3574133,3.1984806,5.516346,283.94,283.94,283.94
852,4.647213,3.9478629,5.3465633,294.6,294.6,294.6
853,4.7895107,4.4407306,5.138291,298.71,298.71,298.71
854,4.8363304,4.8022184,4.8704424,300.0,300.0,300.0
855,4.837796,4.8297944,4.845798,300.0,300.0,300.0
856,4.8224654,4.7853355,4.8595953,300.0,300.0,300.0
857,4.8374352,4.8279605,4.84691,300.0,300.0,300.0
858,4.8341,4.8254075,4.842792,300.0,300.0,300.0
859,4.778576,4.385007,5.172145,298.49,298.49,298.49
860,4.770142,4.2790217,5.2612624,297.37,297.37,297.37
861,4.605916,3.799261,5.412571,292.45,292.45,292.45
862,4.479758,3.4421911,5.5173244,287.45,287.45,287.45
863,4.1778398,2.797327,5.5583525,276.1,276.1,276.1
864,4.1854596,2.8780088,5.4929104,278.23,278.23,278.23
865,4.7659335,4.244337,5.28753,297.15,297.15,297.15
866,4.5578623,3.6111107,5.504614,289.94,289.94,289.94
867,4.742887,4.207902,5.277872,297.09,297.09,297.09
868,3.8608274,2.2071414,5.5145135,262.52,262.52,262.52
869,4.5673733,3.5962906,5.538456,289.65,289.65,289.65
870,4.8293934,4.81848,4.8403068,300.0,300.0,300.0
871,4.833806,4.8273144,4.8402977,300.0,300.0,300.0
872,4.8382435,4.8297477,4.8467393,300.0,300.0,300.0
873,4.839445,4.831806,4.847084,300.0,300.0,300.0
874,4.8514967,4.8432865,4.859707,300.0,300.0,300.0
875,4.857947,4.8489633,4.8669305,300.0,300.0,300.0
876,4.8580117,4.8443747,4.871649,300.0,300.0,300.0
877,4.841071,4.831085,4.851057,300.0,300.0,300.0
878,4.852949,4.844218,4.8616805,300.0,300.0,300.0
879,4.842312,4.8354874,4.8491364,300.0,300.0,300.0
880,4.844433,4.8353076,4.853558,300.0,300.0,300.0
881,4.8212757,4.4405456,5.202006,298.52,298.52,298.52
882,4.77135,4.237894,5.3048058,297.07,297.07,297.07
883,4.824955,4.459339,5.190571,298.59,298.59,298.59
884,4.8561583,4.8458037,4.866513,300.0,300.0,300.0
885,4.8529515,4.788763,4.91714,300.0,300.0,300.0
886,4.8685412,4.8598566,4.877226,300.0,300.0,300.0
887,4.858788,4.8054504,4.9121256,300.0,300.0,300.0
888,4.870495,4.862219,4.878771,300.0,300.0,300.0
889,4.8656025,4.8576818,4.873523,300.0,300.0,300.0
890,4.861105,4.8514156,4.8707943,300.0,300.0,300.0
891,4.866822,4.8589673,4.874676,300.0,300.0,300.0
892,4.870388,4.8612804,4.8794956,300.0,300.0,300.0
893,4.78928,4.2989025,5.2796574,297.45,297.45,297.45
894,4.824754,4.4309278,5.2185807,298.51,298.51,298.51
895,4.8647137,4.8551044,4.874323,300.0,300.0,300.0
896,4.867494,4.8562117,4.8787766,300.0,300.0,300.0
897,4.852976,4.843673,4.8622785,300.0,300.0,300.0
898,4.842627,4.8330083,4.852246,300.0,300.0,300.0
899,4.8485317,4.8401814,4.856882,300.0,300.0,300.0
900,4.838976,4.8287716,4.84918,300.0,300.0,300.0
901,4.844454,4.835255,4.8536525,300.0,300.0,300.0
902,4.835646,4.8226056,4.8486867,300.0,300.0,300.0
903,4.839882,4.8292685,4.8504953,300.0,300.0,300.0
904,4.85565,4.8426867,4.8686132,300.0,300.0,300.0
905,4.847058,4.8328767,4.861239,300.0,300.0,300.0
906,4.8473616,4.835504,4.859219,300.0,300.0,300.0
907,4.7049937,3.9690175,5.44097,294.19,294.19,294.19
908,4.8091774,4.4539623,5.1643925,298.63,298.63,298.63
909,4.8110433,4.444843,5.1772437,298.59,298.59,298.59
910,4.841672,4.827872,4.855472,300.0,300.0,300.0
911,4.7811913,4.283796,5.278587,297.29,297.29,297.29
912,4.828093,4.478492,5.1776943,298.68,298.68,298.68
913,4.8016853,4.41435,5.1890206,298.85,298.85,298.85
914,4.580548,3.568564,5.5925317,289.09,289.09,289.09
915,4.7970924,4.260667,5.333518,297.02,297.02,297.02
916,4.3024645,2.93373,5.671199,277.77,277.77,277.77
917,3.5257158,1.6812477,5.370184,248.14,248.14,248.14
918,4.614562,3.6893237,5.5398006,290.65,290.65,290.65
919,3.2637382,1.3060681,5.2214084,236.86,236.86,236.86
920,2.8356183,0.8403797,4.830857,219.76,219.76,219.76
921,4.336476,2.9636977,5.7092543,278.84,278.84,278.84
922,4.625819,3.6599772,5.5916615,290.31,290.31,290.31
923,4.7490406,4.072564,5.425517,295.21,295.21,295.21
924,4.2391763,2.809706,5.668647,275.67,275.67,275.67
925,3.302304,1.3582765,5.2463317,239.1,239.1,239.1
926,3.7972622,2.0700922,5.524432,259.2,259.2,259.2
927,4.3568487,3.0599518,5.6537457,280.59,280.59,280.59
928,4.8193965,4.4294066,5.2093863,298.47,298.47,298.47
929,4.53128,3.4267573,5.6358027,286.55,286.55,286.55
930,3.861027,2.1177478,5.604306,259.5,259.5,259.5
931,4.0014086,2.357359,5.645458,265.05,265.05,265.05
932,4.8849726,4.87175,4.8981953,300.0,300.0,300.0
933,4.8686466,4.8535714,4.883722,300.0,300.0,300.0
934,4.8771596,4.861246,4.893073,300.0,300.0,300.0
935,3.5962934,1.7670922,5.4254947,250.48,250.48,250.48
936,4.3357286,2.9941244,5.677333,279.15,279.15,279.15
937,4.285715,2.9099767,5.6614532,277.67,277.67,277.67
938,4.52643,3.4506874,5.602173,286.97,286.97,286.97
939,4.3723774,3.0515444,5.6932106,280.62,280.62,280.62
940,4.335037,3.0234904,5.646584,280.08,280.08,280.08
941,3.911077,2.206739,5.615415,263.11,263.11,263.11
942,4.387612,3.1309245,5.6442995,282.03,282.03,282.03
943,4.830668,4.647031,5.014305,299.57,299.57,299.57
944,4.2719703,2.8921542,5.6517863,277.5,277.5,277.5
945,4.1529713,2.6604025,5.64554,272.9,272.9,272.9
946,4.4388204,3.2430754,5.6345654,283.81,283.81,283.81
947,4.7647038,4.1928926,5.336515,296.55,296.55,296.55
948,4.3961806,3.1526132,5.639748,282.18,282.18,282.18
949,4.619105,3.6947017,5.543508,290.56,290.56,290.56
950,4.452805,3.4271612,5.478449,287.22,287.22,287.22
951,4.623672,3.8620498,5.3852944,293.66,293.66,293.66
952,4.8209944,4.6548095,4.9871793,300.0,300.0,300.0
953,4.7661066,4.3318605,5.2003527,298.06,298.06,298.06
954,4.8014,4.346493,5.2563076,297.71,297.71,297.71
955,4.3917885,3.1796544,5.603923,282.08,282.08,282.08
956,4.085892,2.6038518,5.5679326,270.77,270.77,270.77
957,4.843261,4.493013,5.1935086,298.7,298.7,298.7
958,4.7266316,3.975338,5.4779253,294.13,294.13,294.13
959,4.8257604,4.44336,5.208161,298.35,298.35,298.35
960,4.825344,4.5427103,5.107978,298.94,298.94,298.94
961,4.76078,4.2218094,5.2997503,296.55,296.55,296.55
962,4.676816,3.961,5.392632,293.76,293.76,293.76
963,4.5127306,3.663756,5.3617053,290.01,290.01,290.01
964,4.750549,4.209337,5.2917604,296.48,296.48,296.48
965,4.7885957,4.4527507,5.1244407,298.42,298.42,298.42
966,4.463975,3.4622657,5.465684,287.45,287.45,287.45
967,4.662657,3.960082,5.3652315,293.9,293.9,293.9
968,4.681641,4.056681,5.306601,294.99,294.99,294.99
969,4.702511,4.058201,5.346821,294.87,294.87,294.87
970,4.56994,3.590882,5.548998,289.06,289.06,289.06
971,3.3302603,1.4811909,5.17933,238.9,238.9,238.9
972,3.60261,1.9102103,5.29501,253.02,253.02,253.02
973,3.8513649,2.4868383,5.2158914,268.59,268.59,268.59
974,4.274799,3.064547,5.4850507,280.09,280.09,280.09
975,3.7818089,2.2556343,5.3079834,262.46,262.46,262.46
976,3.3140805,1.8666211,4.76154,251.11,251.11,251.11
977,3.796774,2.4905424,5.1030054,267.94,267.94,267.94
978,3.2791297,1.7741696,4.78409,250.88,250.88,250.88
979,4.096039,2.8042698,5.387808,274.62,274.62,274.62
980,4.5611796,3.6629267,5.4594326,289.57,289.57,289.57
981,4.675755,3.8443935,5.507117,291.79,291.79,291.79
982,4.292937,3.1481285,5.437745,278.93,278.93,278.93
983,4.722835,4.0727816,5.3728886,294.56,294.56,294.56
984,4.411035,3.134641,5.6874294,280.89,280.89,280.89
985,4.619805,3.822753,5.416857,292.19,292.19,292.19
986,4.590204,3.6810634,5.499344,289.44,289.44,289.44
987,4.466189,3.4609077,5.47147,286.53,286.53,286.53
988,4.622156,3.8203366,5.4239755,292.3,292.3,292.3
989,4.1258373,2.824715,5.42696,271.13,271.13,271.13
990,4.3897743,3.274786,5.5047626,282.16,282.16,282.16
991,4.535969,3.5661564,5.505781,287.83,287.83,287.83
992,4.514081,3.5239642,5.5041976,286.02,286.02,286.02
993,4.188246,2.86308,5.5134115,274.69,274.69,274.69
994,4.2933736,3.0656633,5.521084,278.77,278.77,278.77
995,4.6192894,3.811221,5.4273577,291.08,291.08,291.08
996,4.101287,2.7783563,5.424217,274.46,274.46,274.46
997,4.7589827,4.213538,5.304427,296.27,296.27,296.27
998,4.5199294,3.60296,5.4368987,289.43,289.43,289.43
999,4.1683836,2.9104655,5.426302,277.06,277.06,277.06
